drug,att_improved,att_not_imp,att_diff,att_ratio,is_lipid_drug,category
Esomeprazole sodium,0.05265010520815849,0.020762852765619753,0.03188725244253874,2.5357837770414364,False,Other
Diazepam - CIWA protocol,0.0432126180967316,0.016436495119705796,0.026776122977025807,2.6290652466975017,False,Other
LamiVUDine,0.04201411921530962,0.015340096782892942,0.026674022432416677,2.7388431644162226,False,Other
Cilostazol,0.053237395361065865,0.027694995887577532,0.025542399473488332,1.9222748967782033,False,Other
Emtricitabine-Tenofovir (Truvada),0.04392945633402893,0.01843375377357006,0.02549570256045887,2.3830987911433477,False,Other
PARoxetine,0.051699950721942715,0.028291190841368268,0.023408759880574448,1.8274222181678341,False,Other
Nicotine Polacrilex,0.05765917667975792,0.04043033719062805,0.01722883948912987,1.4261364283927762,False,Other
DULoxetine,0.04212369791725103,0.025609142866662958,0.01651455505058807,1.6448694958895367,False,Other
Morphine Sulfate (Oral Solution) 2 mg/mL,0.02680187192387306,0.01086788841833671,0.015933983505536348,2.466152659301501,False,Other
Vitamin E,0.03569890931248665,0.0200266120955348,0.015672297216951847,1.7825735647242198,False,Other
Propranolol,0.04683398866259,0.03138093696907163,0.01545305169351837,1.492434362579695,False,Beta-blocker
MetFORMIN XR (Glucophage XR),0.03451933024916798,0.019478595070540904,0.015040735178627074,1.7721673521194774,False,Antidiabetic
OXcarbazepine,0.04316221770237793,0.02857700463097829,0.01458521307139964,1.510382850118198,False,Other
Clozapine,0.02735853623598814,0.012995922317107519,0.014362613918880622,2.1051631095065892,False,Other
Raltegravir,0.034781414084136486,0.021160273546619073,0.013621140537517413,1.6437128758051316,False,Other
Methocarbamol,0.03345713081459204,0.02048657424747944,0.012970556567112601,1.6331247191661842,False,Other
Fluticasone-Salmeterol Diskus (100/50),0.03953724736347795,0.026640511699952185,0.012896735663525762,1.4841024004636107,False,Other
2,0.030781567030187165,0.017930010333657265,0.0128515566965299,1.71676236975757,False,Other
MethylPHENIDATE (Ritalin),0.034523357422305986,0.02216515676783664,0.012358200654469347,1.5575507894625882,False,Other
Remdesivir,0.04194713113829494,0.029866013468967542,0.012081117669327394,1.404510554509739,False,Other
Zinc Sulfate,0.03032515746437841,0.018547162879258394,0.011777994585120015,1.6350294469183502,False,Other
Dolutegravir,0.03282014019787312,0.02125669311499223,0.011563447082880887,1.5439908747953486,False,Other
TiCAGRELOR,0.04209771336669602,0.030806292183697223,0.0112914211829988,1.3665297048949712,False,Antiplatelet
Carbidopa-Levodopa (25-100),0.041695086586782164,0.03082945868372917,0.010865627903052993,1.3524430323127123,False,Other
Hyoscyamine,0.04210854016921737,0.03167455516416918,0.01043398500504819,1.3294122032959534,False,Other
Pramipexole,0.044426329371829824,0.03411568815095557,0.010310641220874252,1.3022258022541295,False,Other
MetFORMIN (Glucophage),0.035022270186124624,0.024720615973430022,0.010301654212694602,1.416723200739291,False,Antidiabetic
Guaifenesin-CODEINE Phosphate,0.02558560710814264,0.01545349769294262,0.01013210941520002,1.6556515305804977,False,Other
Linezolid,0.021793983773224883,0.012596407905220985,0.009197575868003897,1.7301745019063464,False,Other
CycloSPORINE (Neoral) MODIFIED,0.03409312255680561,0.025550315156579018,0.008542807400226594,1.334352329819575,False,Other
Morphine Sulfate IR,0.027708139489678776,0.019313956890255213,0.008394182599423563,1.4346174451522575,False,Other
Heparin (via Anti-Xa Monitoring),0.02279800467658788,0.014440064628918966,0.008357940047668913,1.5788021219053656,False,Anticoagulant
GuaiFENesin-Dextromethorphan,0.03216107638210666,0.023914721922884727,0.008246354459221936,1.344823347133748,False,Other
Hydrocortisone (Rectal) 2.5% Cream,0.02914447844442394,0.020995462127029896,0.008149016317394044,1.388132267253259,False,Other
LaMIVudine,0.024818575754761697,0.017076120339334012,0.007742455415427684,1.4534083422680804,False,Other
Fluticasone-Salmeterol Diskus (500/50) ,0.03247647300362587,0.024854737042915076,0.007621735960710793,1.306651241071303,False,Other
Artificial Tears Preserv. Free,0.030127657434115045,0.022697309032082558,0.007430348402032487,1.327366931098736,False,Other
Lidocaine 5% Ointment,0.029242170341312886,0.021886206914981207,0.007355963426331678,1.3361004241121603,False,Other
Ketoconazole 2% ,0.038992409904797874,0.03167946096509695,0.007312948939700921,1.2308419624866096,False,Other
Ascorbic Acid,0.03034046310215042,0.02324999411191259,0.007090468990237832,1.3049664854153615,False,Other
Atenolol,0.05003824990023585,0.04303922268816016,0.006999027212075688,1.1626197402027216,False,Beta-blocker
GlipiZIDE,0.03086974039407713,0.023994119922545822,0.0068756204715313095,1.2865543930648902,False,Antidiabetic
Hydroxyurea,0.04042255273088813,0.033602919859381825,0.006819632871506304,1.2029476277670044,False,Other
Rifaximin,0.02483660211929908,0.018244524858891963,0.006592077260407118,1.3613181111260506,False,Other
Venlafaxine,0.026258354447782038,0.019810191914439203,0.0064481625333428355,1.3254972269422043,False,Other
Donepezil,0.03989330385453426,0.03345451873309653,0.00643878512143773,1.192463839423517,False,Other
Epoprostenol (Veletri),0.015913150309083555,0.009689841000363231,0.006223309308720323,1.6422509211954084,False,Other
Montelukast,0.03420168138814695,0.02805174416862428,0.0061499372195226686,1.2192354665205216,False,Other
Anastrozole,0.04033677466213703,0.03421074263751507,0.006126032024621961,1.179067496123403,False,Other
Benztropine Mesylate,0.03359914327868157,0.027732541660467784,0.005866601618213785,1.211542154701836,False,Other
AcetaZOLamide,0.018975629249498957,0.013140353932976722,0.005835275316522235,1.444072918148587,False,Other
Nystatin Oral Suspension,0.022495847491716795,0.016781565252571337,0.005714282239145458,1.3405094908098572,False,Other
Argatroban,0.03082218180809702,0.025137579534202814,0.005684602273894206,1.2261396037020826,False,Other
OxyCODONE Liquid,0.03290338545818539,0.02729621022525761,0.005607175232927784,1.2054195504304615,False,Other
Clopidogrel,0.038721747414749715,0.033167816152362,0.005553931262387714,1.1674494105030848,False,Antiplatelet
Meclizine,0.03502358674692611,0.029539468116126955,0.005484118630799152,1.1856539396457555,False,Other
Cinacalcet,0.02837156258862127,0.022888818910966318,0.005482743677654951,1.2395380774771259,False,Other
Benzonatate,0.02949532186298558,0.024066522770694324,0.005428799092291256,1.2255747182098893,False,Other
Heparin Dwell (1000 Units/mL),0.018848095290231546,0.01344445340433403,0.005403641885897516,1.4019235087798785,False,Anticoagulant
Cephalexin,0.03764630349413041,0.032381448208501466,0.005264855285628943,1.1625886295056655,False,Other
EPINEPHrine,0.017827828050940298,0.012574818581342698,0.0052530094695976,1.4177403781706648,False,Other
Valproic Acid,0.01569046047516167,0.01057511016439933,0.005115350310762341,1.4837160304942218,False,Other
Rosuvastatin Calcium,0.04012523890267332,0.03506721520264234,0.005058023700030979,1.144237963317083,True,Statin
Sodium Polystyrene Sulfonate,0.019455704760427277,0.014457852840423583,0.004997851920003694,1.3456842433774052,False,Other
Naloxone,0.02858371790498495,0.023661270551383496,0.004922447353601454,1.2080381669662128,False,Other
Dabigatran Etexilate,0.03665328104622089,0.03173929695039988,0.004913984095821014,1.1548233441811981,False,Other
Sulfameth/Trimethoprim DS,0.03522465753679474,0.03041135238017887,0.00481330515661587,1.1582733019052789,False,Other
Hydroxychloroquine Sulfate,0.03535848688334227,0.03058562008664012,0.004772866796702149,1.156049371671459,False,Other
Bengay Cream,0.027944244258105756,0.023245591825495165,0.004698652432610591,1.202130901543975,False,Other
Sodium Chloride 0.9%  Flush for CRRT,0.01535520568722859,0.01067975852638483,0.004675447160843759,1.4377858496793587,False,Other
Iohexol 240 (Omnipaque 240),0.03438281963268916,0.029767300764268093,0.004615518868421067,1.1550533219310706,False,Other
Cyclobenzaprine,0.029432976013866432,0.0248575626173988,0.004575413396467633,1.1840652467376314,False,Other
"Alteplase 1mg/2mL ( Clearance ie. PICC, midline, tunneled access line, PA )",0.017863878148740957,0.013444842491298913,0.0044190356574420435,1.3286788714930582,False,Other
Docusate Sodium (Liquid),0.024867599117843545,0.020468551266406263,0.0043990478514372815,1.2149174015386794,False,Other
ALPRAZolam,0.02664090394973755,0.02226084311742608,0.004380060832311468,1.1967607789698989,False,Other
Cetirizine,0.038011371838645294,0.03363181904165281,0.004379552796992481,1.1302205150297826,False,Other
Doxazosin,0.03555980371311307,0.031269781690623076,0.0042900220224899935,1.137193859072462,False,Other
Nortriptyline,0.04275092771597978,0.038636878236300416,0.00411404947967936,1.1064798624391474,False,Other
Esmolol,0.018443506211042404,0.014419935643672943,0.004023570567369461,1.27902833041664,False,Other
Phytonadione,0.019587522122247885,0.015759789244565246,0.0038277328776826387,1.2428796996129012,False,Other
OxycoDONE Liquid,0.04107892303727567,0.037253063482542835,0.003825859554732837,1.1026991929543102,False,Other
Ampicillin,0.024536019191145897,0.020717289531603456,0.0038187296595424414,1.1843257369028468,False,Other
LevoFLOXacin,0.025825396240238222,0.022011791440573605,0.0038136047996646175,1.1732528136094877,False,Other
Mupirocin Ointment 2%,0.016957823051647707,0.013218372749785582,0.0037394503018621256,1.2828979309819195,False,Other
NiCARdipine,0.020317500612388056,0.016615534097784095,0.003701966514603961,1.2228015357687279,False,Other
Isosorbide Mononitrate (Extended Release),0.02855972186864718,0.024861455819899996,0.0036982660487471855,1.1487550075722823,False,Other
Atropine Sulfate 1%,0.015191075392067432,0.01149425283074379,0.0036968225613236427,1.321623564033298,False,Other
rifAXIMin,0.030018601510109322,0.026383520802482963,0.003635080707626359,1.1377784540145324,False,Other
Enoxaparin Sodium,0.03781440088877807,0.03425365283477063,0.00356074805400744,1.103952360093781,False,Anticoagulant
QUEtiapine extended-release,0.03984447047114372,0.03629817422479391,0.003546296246349813,1.0976990254217105,False,Other
Topiramate (Topamax),0.034020574377259104,0.030477457953726545,0.0035431164235325587,1.1162536727607668,False,Other
Divalproex (DELayed Release),0.025939215136610943,0.02240859775338322,0.0035306173832277236,1.1575563728745444,False,Other
Amphetamine-Dextroamphetamine,0.04056754969060421,0.03709258003017077,0.0034749696604334385,1.0936836870772249,False,Other
rOPINIRole,0.029266318306326866,0.0257948013022542,0.003471517004072666,1.1345820409079597,False,Other
sevelamer CARBONATE,0.019479332748419186,0.016036658082157373,0.003442674666261813,1.214675317552114,False,Other
GlipiZIDE XL,0.029535541543737054,0.026169394214565937,0.0033661473291711173,1.1286291651068299,False,Antidiabetic
Diclofenac Topical Gel 1%,0.024715773716923736,0.02136967670438545,0.0033460970125382856,1.1565815458430218,False,Other
Phosphorus,0.022975378939189203,0.019667458673349663,0.0033079202658395403,1.1681925621799796,False,Other
Prazosin,0.04133801700340377,0.038117111660540104,0.003220905342863664,1.084500246806424,False,Other
Dronabinol,0.02255019483466943,0.019386897540905258,0.0031632972937641717,1.1631667618343675,False,Other
Doxercalciferol,0.01912679646164179,0.01600223152587811,0.003124564935763678,1.195258075769668,False,Other
MetRONIDAZOLE (FLagyl),0.022114548025031884,0.01906375412363559,0.003050793901396294,1.1600311188242751,False,Other
Fexofenadine,0.03838503645046761,0.03537389210292271,0.003011144347544903,1.0851233542179577,False,Other
Levofloxacin,0.031180228176526725,0.028310050526934284,0.0028701776495924404,1.1013836992930035,False,Other
Midodrine,0.0213736955545784,0.018541186675429346,0.002832508879149053,1.1527684785625223,False,Other
Heparin (Impella) – Left ventricle,0.012509814618776241,0.009711885896439735,0.0027979287223365065,1.2880932449342506,False,Anticoagulant
Sodium Chloride Nasal,0.024853562667536046,0.022059660404920578,0.0027939022626154685,1.1266520975994838,False,Other
Torsemide,0.02411258190935641,0.02132149509326288,0.002791086816093531,1.130904835889086,False,Other
Fenofibrate,0.029782391851767898,0.027003804338164628,0.00277858751360327,1.1028961504389319,True,Other Lipid
Dextrose 50%,0.026990846310005864,0.024225759452135672,0.0027650868578701915,1.1141382941299878,False,Other
Fludrocortisone Acetate,0.026246994609634082,0.023606494224319857,0.0026405003853142255,1.1118548294474802,False,Other
Scopolamine Patch,0.03509600186720491,0.03245879469954587,0.002637207167659035,1.081247846448714,False,Other
Insulin (Regular) for Hyperkalemia,0.01563670615866488,0.013113255806577703,0.002523450352087177,1.1924350740432743,False,Antidiabetic
Nitroglycerin,0.016450003005227462,0.014012655523796397,0.0024373474814310646,1.1739390137216992,False,Other
Potassium Chloride Replacement (Critical Care and Oncology) ,0.018232803471879583,0.015859496752745,0.002373306719134584,1.1496457772989428,False,Other
Gentamicin,0.03466005567461252,0.0324194109481242,0.002240644726488321,1.069114294830146,False,Other
Chloraseptic Throat Spray,0.027527991192121255,0.025382156690789595,0.0021458345013316595,1.0845410627423286,False,Other
Amiodarone,0.019060329408259004,0.016965406415896996,0.0020949229923620076,1.123482039923253,False,Other
Citrate Dextrose 3% (ACD-A) CRRT,0.01378742752498702,0.011769295670092106,0.0020181318548949147,1.1714743100577676,False,Other
Heparin Flush (1000 units/mL),0.01754190248126785,0.015562660389525048,0.0019792420917428017,1.127178904005063,False,Anticoagulant
Fluticasone-Salmeterol Diskus (250/50) ,0.029708498905069734,0.027784706947083276,0.0019237919579864586,1.069239238752828,False,Other
Heparin (CRRT Machine Priming),0.014078430645167828,0.01223636232316494,0.0018420683220028884,1.1505405179540675,False,Anticoagulant
PHENObarbital - ICU Alcohol Withdrawal (Initial Load / Rescue Dose),0.014150943607091904,0.012318047322332859,0.001832896284759045,1.1487976330011307,False,Other
Levothyroxine Sodium,0.03577792609056697,0.03396468239875348,0.0018132436918134945,1.0533861518422454,False,Other
Escitalopram Oxalate,0.03820196527189442,0.03639566204755714,0.00180630322433728,1.049629629541483,False,Other
BusPIRone,0.031154558091657236,0.029393600299954414,0.0017609577917028219,1.059909564453918,False,Other
Ferrous GLUCONATE,0.03872490181986775,0.03698315486932794,0.001741746950539809,1.0470956833372895,False,Other
Fish Oil (Omega 3),0.0377573588101024,0.036028119481422684,0.0017292393286797159,1.047996935548395,True,Other Lipid
Insulin,0.019511968406261633,0.017820532742555652,0.0016914356637059806,1.0949149886898055,False,Antidiabetic
Vancomycin Oral Liquid,0.023376870113942357,0.021713122065799933,0.0016637480481424237,1.0766240821149793,False,Other
Potassium Phosphate,0.022858207556800764,0.021232115818147965,0.0016260917386527983,1.0765864199583401,False,Other
Neutra-Phos,0.023476182965059128,0.021851784470303177,0.0016243984947559506,1.074337109491608,False,Other
HydrALAzine,0.019322067539653053,0.01775498517478506,0.0015670823648679943,1.088261541727081,False,Other
Morphine SR (MS Contin),0.029479747265577318,0.027965872125192123,0.0015138751403851944,1.054132949389462,False,Other
Isosorbide Dinitrate,0.018486042701018352,0.01698486788360321,0.0015011748174151435,1.0883830729625128,False,Other
HydrOXYzine,0.03247929294593632,0.030993836978450418,0.001485455967485904,1.0479274627571513,False,Other
CARVedilol,0.02626930143345486,0.024796352842477738,0.001472948590977123,1.0594018241446326,False,Beta-blocker
Enoxaparin (Prophylaxis),0.039498123817909986,0.038034869216027715,0.0014632546018822704,1.0384713982732892,False,Anticoagulant
Glucagon,0.029045044515266752,0.027609578757707413,0.0014354657575593385,1.051991584882787,False,Other
Mouth Care Oral Rinse,0.013220115824667521,0.011786473501059744,0.0014336423236077766,1.1216345434857062,False,Other
Famotidine,0.028113223047407924,0.0266822537863239,0.0014309692610840231,1.0536299996448377,False,Other
Aspirin,0.03611371592967646,0.03470169322981471,0.0014120226998617508,1.0406903112914554,False,Antiplatelet
Glucose Gel,0.0290681594934789,0.027665744142589765,0.0014024153508891343,1.050691401744376,False,Other
Potassium Phosphate Replacement (Oncology),0.018290567570007764,0.01697092466056347,0.0013196429094442935,1.077759045888103,False,Other
Sodium Bicarbonate,0.020996860405873684,0.019702411205699183,0.0012944492001745016,1.0657000397900571,False,Other
DICYCLOMine,0.03147832521547874,0.030199162662029266,0.001279162553449474,1.0423575503653888,False,Other
"Alteplase 1mg/2mL ( Clearance ie. PICC, tunneled access line )",0.013820423046126962,0.012576600769534707,0.0012438222765922546,1.0988997185634821,False,Other
Artificial Tear Ointment,0.014395546347189408,0.013152455273819598,0.0012430910733698102,1.0945139935844697,False,Other
Artificial Tears GEL 1%,0.014615812056669683,0.0133887905823557,0.001227021474313984,1.0916454303147443,False,Other
Ketamine,0.015247685834765434,0.014022992036881902,0.0012246937978835325,1.087334699660562,False,Other
HydrALAZINE,0.027973142774089386,0.026784341613000088,0.001188801161089298,1.0443841845458057,False,Other
OLANZapine (Disintegrating Tablet),0.0193879370792554,0.018231073456505934,0.0011568636227494641,1.0634555954979505,False,Other
Tacrolimus,0.02365143536353263,0.02250571535804715,0.0011457200054854795,1.050907957701323,False,Other
Nitroglycerin SL,0.03422973908129193,0.033088294770568606,0.0011414443107233205,1.034496921604392,False,Other
Bumetanide,0.01589168149613492,0.014785861763625573,0.0011058197325093458,1.0747889943912334,False,Diuretic
Ferrous Sulfate,0.03302988193526461,0.03192459180147624,0.001105290133788371,1.0346219034110644,False,Other
LevETIRAcetam,0.024454804274930873,0.023358045586435023,0.0010967586884958504,1.0469542147452946,False,Other
Terazosin,0.03755438141524792,0.036469214994992526,0.0010851664202553915,1.0297556835375916,False,Other
Ampicillin-Sulbactam,0.029967765397343197,0.028899143040180205,0.0010686223571629919,1.0369776486339828,False,Other
Albumin 25%,0.01760546748033341,0.016536928822889048,0.0010685386574443637,1.0646153024475367,False,Other
Influenza Vaccine Quadrivalent,0.043060007792392475,0.04203234869600538,0.001027659096387093,1.0244492427444283,False,Other
Glycopyrrolate (CVICU Reversal Protocol),0.013429451547563077,0.012470092065632344,0.0009593594819307331,1.0769328307186066,False,Other
MetroNIDAZOLE,0.025384676383306447,0.024460516102386243,0.000924160280920204,1.0377817163404024,False,Other
Magnesium Sulfate,0.02355155575946879,0.022641190054846733,0.0009103657046220584,1.0402083857967166,False,Other
Tiotropium Bromide,0.02696618495420331,0.02605676755537184,0.0009094173988314705,1.034901389702269,False,Other
CefePIME,0.016929549062539132,0.016038449481129646,0.0008910995814094859,1.0555602075161896,False,Other
Metolazone,0.012182080633938313,0.011294180154800415,0.0008879004791378983,1.078615753155001,False,Other
Sodium CITRATE 4%,0.013117701513692737,0.012249917457146304,0.0008677840565464324,1.0708399921535952,False,Other
Epoetin alfa-epbx (Retacrit),0.017571112369092142,0.016706315002271106,0.0008647973668210358,1.0517646989598528,False,Other
Miconazole Powder 2%,0.02201853902079165,0.021166329570114613,0.000852209450677037,1.0402625050249759,False,Other
FoLIC Acid,0.02888688820087357,0.028046709325042416,0.0008401788758311546,1.0299564154244996,False,Other
Diltiazem,0.02208781008209501,0.021257346466882154,0.0008304636152128564,1.0390671345789408,False,CCB
Cisatracurium Besylate,0.01087841677169005,0.010048075734327236,0.0008303410373628143,1.0826368211503543,False,Other
Spironolactone,0.026011061080574216,0.025187862799594216,0.0008231982809800004,1.0326823394080606,False,Diuretic
Ciprofloxacin,0.03320835094626357,0.03241589464247227,0.0007924563037913016,1.024446535026462,False,Other
Daptomycin,0.01521529391175136,0.01443885825574398,0.0007764356560073793,1.0537740340860056,False,Other
Ciprofloxacin HCl,0.03240406475063548,0.031636814010285196,0.0007672507403502851,1.0242518333262272,False,Other
MetOLazone,0.01302091178617307,0.012336958864969867,0.0006839529212032038,1.0554393451975634,False,Other
CeftriaXONE,0.02710490512351195,0.026444285921752454,0.0006606192017594957,1.024981548139142,False,Other
AzaTHIOprine,0.029657514850524338,0.0289990252090825,0.0006584896414418388,1.0227073026315243,False,Other
Metoprolol Succinate XL,0.03520728999360639,0.034583782713181785,0.0006235072804246025,1.0180288919114377,False,Beta-blocker
Albuterol 0.083% Neb Soln,0.02479106270087262,0.02421417790101775,0.0005768847998548696,1.023824257103134,False,Other
Neomycin-Polymyxin-Bacitracin,0.012159997830167413,0.011587754569270393,0.0005722432608970193,1.0493834467649628,False,Other
Baclofen,0.02925888979091094,0.028692207344603246,0.0005666824463076946,1.019750395621419,False,Other
Bisacodyl,0.028463937457462844,0.0279563465630453,0.0005075908944175422,1.0181565532274703,False,Other
Lidocaine 5% Patch,0.025987361677565952,0.025486577540726925,0.0005007841368390269,1.0196489362307979,False,Other
Colchicine,0.03388701472431421,0.03339028591290116,0.0004967288114130497,1.0148764467818205,False,Other
Insulin Glargine  (CVICU Protocol),0.012723146643685667,0.012245258137297172,0.0004778885063884946,1.0390264134108305,False,Antidiabetic
Prochlorperazine,0.029989886628363722,0.029564100291786924,0.0004257863365767986,1.0144021408524002,False,Other
Acyclovir,0.027176277179803168,0.026750745620423306,0.0004255315593798617,1.015907278451894,False,Other
Fleet Enema (Saline),0.02956980456864195,0.029225995813153292,0.00034380875548865875,1.0117637995189859,False,Other
Artificial Tears,0.028036550550228533,0.027697251810293113,0.00033929873993542026,1.0122502673644078,False,Other
Pravastatin,0.03659044893212476,0.03625709170090227,0.000333357231222485,1.0091942628485613,True,Statin
QUEtiapine Fumarate,0.024688912940016666,0.024362102308077737,0.00032681063193892856,1.01341471387839,False,Other
Albumin 5% (12.5g / 250mL),0.01360896896570921,0.01329723751062856,0.00031173145508064937,1.023443324587643,False,Other
Multivitamins,0.034994595360010865,0.03469659611817051,0.0002979992418403535,1.0085887169111754,False,Other
Metoprolol Tartrate,0.022140455401739485,0.02184401320920046,0.00029644219253902385,1.013570866749621,False,Beta-blocker
Gabapentin,0.030872135165437634,0.03057622263486695,0.0002959125305706835,1.009677864205281,False,Other
GuaiFENesin,0.02561384350216637,0.025318614507125595,0.000295228995040777,1.0116605509735808,False,Other
Neostigmine (CVICU Reversal Protocol),0.012763536690423885,0.012470092065632344,0.00029344462479154176,1.0235318731607665,False,Other
Polyethylene Glycol,0.028873862393919075,0.02858737575912357,0.00028648663479550335,1.010021438736085,False,Other
Magnesium Sulfate Replacement (Critical Care and Oncology),0.017364417789941668,0.01709577576699307,0.0002686420229485974,1.0157139416549477,False,Other
Morphine Sulfate,0.03278247644297612,0.03251827366583975,0.00026420277713636725,1.0081247479448427,False,Other
Warfarin,0.023174508594569806,0.02291636028571554,0.0002581483088542648,1.0112648040803922,False,Anticoagulant
Atorvastatin,0.03652117059948051,0.036276516640545244,0.0002446539589352689,1.0067441414334095,True,Statin
Calcitriol,0.02605323232154348,0.025875438255472824,0.00017779406607065437,1.0068711518744247,False,Other
Acetaminophen-Caff-Butalbital,0.024691436093832765,0.02451824934946166,0.0001731867443711052,1.0070635852463465,False,Other
Heparin Flush (100 units/ml),0.028832716251707684,0.02868980175793864,0.00014291449376904394,1.0049813691629814,False,Anticoagulant
Senna,0.03216172458935924,0.0320423091811839,0.00011941540817533847,1.0037268040670884,False,Other
Chlorhexidine Gluconate 0.12% Oral Rinse,0.013185965077003889,0.013076648003710755,0.00010931707329313312,1.0083597167456149,False,Other
Tamsulosin,0.03605201133234682,0.03595239867386567,9.961265848115047e-05,1.0027706818503201,False,Other
Clindamycin,0.02811898693682686,0.028037697763035174,8.128917379168765e-05,1.002899281334677,False,Other
NORepinephrine,0.0136910598561859,0.01363126498957475,5.979486661114933e-05,1.0043865970368033,False,Other
CefTAZidime,0.014776543436926744,0.014722122878926555,5.4420558000188926e-05,1.0036965156756086,False,Other
Fentanyl Citrate,0.012966500790423701,0.012921136600390964,4.536419003273694e-05,1.0035108513620516,False,Other
Pregabalin,0.028530450203479864,0.028498721722927358,3.172848055250574e-05,1.0011133299542687,False,Other
Simvastatin,0.03746377922361717,0.037435415967860645,2.8363255756523598e-05,1.0007576583570188,True,Statin
Nystatin Cream,0.024264385199381247,0.02429601992480457,-3.163472542332124e-05,0.998697946185374,False,Other
DOBUTamine,0.010698775486911045,0.010739945878203098,-4.1170391292052674e-05,0.9961666109160188,False,Other
OxyCODONE (Immediate Release),0.029539139704255347,0.029584489925499922,-4.53502212445743e-05,0.998467094705409,False,Other
Calcium Carbonate,0.031097657013277293,0.03116725591529986,-6.959890202256833e-05,0.9977669223684077,False,Other
Potassium Chloride Replacement (Critical Care and Oncology),0.014953549731509773,0.015084797859099911,-0.00013124812759013858,0.9912993114779485,False,Other
Influenza Vaccine High-Dose Quadrivalent,0.03956573643446178,0.03970750481962706,-0.00014176838516527512,0.9964296828569494,False,Other
Meperidine,0.012278532217207708,0.012425470010687908,-0.0001469377934801997,0.9881744679795766,False,Other
PHENYLephrine,0.012726167390378667,0.012891063815914094,-0.00016489642553542752,0.987208470310118,False,Other
Lidocaine Jelly 2% (Urojet),0.021032658139509813,0.021219493138293424,-0.00018683499878361168,0.9911951243337456,False,Other
Haloperidol,0.02273238277471161,0.022923777500788372,-0.0001913947260767622,0.9916508208095206,False,Other
Ranitidine,0.02589869791999051,0.02609244671475608,-0.00019374879476556986,0.9925745256133455,False,Other
Chlorothiazide,0.011487169180536407,0.011715510363380114,-0.00022834118284370715,0.9805094976009371,False,Other
Heparin,0.031493152396109024,0.03174293688436736,-0.00024978448825833943,0.9921310214877643,False,Anticoagulant
Sucralfate,0.03450186084955931,0.034762604744173586,-0.00026074389461427927,0.9924992992748053,False,Other
Aspirin EC,0.028115876917530532,0.028379447969862005,-0.0002635710523314731,0.9907126082011399,False,Antiplatelet
Chlorthalidone,0.05038079445728579,0.05065146735869348,-0.0002706729014076911,0.9946561686063131,False,Other
Multivitamins W/minerals,0.024561759322110948,0.02484930489833156,-0.00028754557622061305,0.9884284257689671,False,Other
PHENYLEPHrine,0.014737351433090542,0.015071017353470067,-0.0003336659203795247,0.9778604249100211,False,Other
Rivaroxaban,0.03988757964728747,0.04022856350792082,-0.0003409838606333454,0.991523837022761,False,Anticoagulant
Albumin 5%,0.01541948533203039,0.015852361917495728,-0.0004328765854653381,0.9726932435861443,False,Other
Ibuprofen,0.04302368568646353,0.04346864549038203,-0.000444959803918496,0.9897636607053479,False,Other
Ipratropium-Albuterol Neb,0.0213715642096539,0.021817398943791266,-0.0004458347341373646,0.9795651747815595,False,Other
Neomycin Sulfate,0.016329871335377295,0.016778900391525693,-0.0004490290561483985,0.9732384694067805,False,Other
Loratadine,0.03405485500728613,0.0345248264127544,-0.00046997140546826965,0.9863874361061334,False,Other
Memantine,0.03531602770090103,0.035835396964102983,-0.000519369263201952,0.9855068087086571,False,Other
Vancomycin,0.01813899692126499,0.018696209471158666,-0.0005572125498936771,0.9701964962067178,False,Other
Cyanocobalamin,0.028746078145253446,0.029314672586042433,-0.0005685944407889873,0.9806037594614067,False,Other
Milrinone,0.00951433891000656,0.010098325886896678,-0.0005839869768901173,0.9421699216849514,False,Other
Vitamin D,0.03350740467327452,0.034133811340628505,-0.0006264066673539875,0.9816484991639831,False,Other
Calcium Acetate,0.018402926235770185,0.019058232195675373,-0.0006553059599051884,0.9656155957605612,False,Other
OLANZapine,0.02535791109209951,0.02601703247355838,-0.0006591213814588701,0.9746657739644693,False,Other
Dexmedetomidine,0.011512836678461594,0.012177747750312698,-0.0006649110718511039,0.945399503628737,False,Other
LamoTRIgine,0.031560242401375886,0.032230037326614065,-0.0006697949252381791,0.9792183012867598,False,Other
Docusate Sodium,0.03346066948558603,0.0341755644322967,-0.0007148949467106688,0.9790816930580062,False,Other
Lisinopril,0.03485449699179173,0.035581778558043314,-0.0007272815662515836,0.9795602806907138,False,ACE/ARB
Valproate Sodium,0.010161664189868852,0.011000885561640774,-0.0008392213717719216,0.9237132895284157,False,Other
Acetaminophen IV,0.021919180896310578,0.022763395664677163,-0.000844214768366585,0.962913495824501,False,Other
PALIperidone ER,0.0334671875461936,0.034323726780712605,-0.0008565392345190048,0.9750452729101574,False,Other
Vitamin D3 (Cholecalciferol),0.03169399139118716,0.03257415821290996,-0.0008801668217228026,0.972979598859627,False,Other
Azithromycin,0.023278503700601104,0.024213798873170593,-0.0009352951725694891,0.9613734640537624,False,Other
Thiamine,0.023643161792871216,0.024601127588274804,-0.0009579657954035883,0.96106008588565,False,Other
Magnesium Oxide,0.02524332329377775,0.026210424982474567,-0.0009671016886968163,0.963102403362652,False,Other
Protamine Sulfate,0.012438657693564892,0.013437801506370306,-0.0009991438128054142,0.9256467799191883,False,Other
Rocuronium,0.010836200043559074,0.011851275494943062,-0.0010150754513839882,0.914348843563959,False,Other
LOPERamide,0.024472402140804348,0.025510661475556463,-0.0010382593347521146,0.9593009638049981,False,Other
Sodium Zirconium Cyclosilicate,0.018531390804458748,0.019598495836059254,-0.0010671050316005057,0.9455516872046302,False,Other
amLODIPine,0.0353872978729972,0.03649762616194082,-0.0011103282889436197,0.9695780683374566,False,CCB
Cepacol (Sore Throat Lozenge),0.029445633904910402,0.030591946709504787,-0.0011463128045943842,0.9625289356221901,False,Other
Calcium Gluconate sliding scale (Critical Care-Ionized calcium),0.014568746929221294,0.015719684373055185,-0.001150937443833891,0.9267836798424088,False,Other
Furosemide,0.017425529740396,0.0185857233202963,-0.0011601935799002983,0.9375760867679912,False,Diuretic
Mannitol,0.012029298048998629,0.013209812808781862,-0.0011805147597832334,0.9106334982280423,False,Other
DAPTOmycin,0.016992674209177494,0.01819599010050297,-0.0012033158913254752,0.9338691720165195,False,Other
"Lidocaine 1%/Epinephrine 1:100,000",0.012124233471695334,0.013384847768715449,-0.0012606142970201153,0.9058178084052205,False,Other
Acetaminophen,0.035200086552672816,0.036463879761121656,-0.0012637932084488407,0.9653412303702165,False,Other
Lidocaine Jelly 2% (Glydo),0.022430774421169017,0.023727641590604826,-0.0012968671694358093,0.9453436126602099,False,Other
TraZODone,0.028260749897313076,0.029587010874526004,-0.0013262609772129279,0.9551742153731785,False,Other
Atropine Sulfate,0.033415900872034186,0.034799900650978086,-0.0013839997789438993,0.960229777871363,False,Other
Verapamil SR,0.041232064170272725,0.042673461731861935,-0.0014413975615892097,0.966222624012877,False,CCB
PredniSONE,0.024533568010000246,0.02598369514493093,-0.0014501271349306837,0.9441908809796984,False,Other
Sertraline,0.03419572837859184,0.03564932172885164,-0.0014535933502598034,0.9592252172056507,False,Other
Mycophenolate Mofetil,0.02240299727571638,0.023867110886117992,-0.0014641136104016107,0.938655599440266,False,Other
Lidocaine 1%,0.01867435315800627,0.020144115341827272,-0.001469762183821003,0.9270376405773856,False,Other
Fluticasone Propionate 110mcg,0.028849112017760203,0.030325625493953175,-0.0014765134761929727,0.9513113595468168,False,Other
DiphenhydrAMINE,0.028203680529259145,0.0296913179067465,-0.0014876373774873539,0.9498965528522622,False,Other
Calcium Gluconate,0.01455893113020936,0.016047333173143368,-0.0014884020429340086,0.907249258996817,False,Other
NiMODipine,0.011761037100638663,0.013276639860123396,-0.0015156027594847334,0.8858444022393895,False,Other
Piperacillin-Tazobactam,0.018714595935307443,0.02025768031029308,-0.0015430843749856364,0.923827192879454,False,Other
Sodium Phosphate,0.01852148329599364,0.020104870568805683,-0.0015833872728120424,0.9212435977942184,False,Other
Sarna Lotion,0.02570488046516072,0.027311145501254602,-0.001606265036093884,0.9411864641115073,False,Other
Magnesium Citrate,0.02578256819397211,0.02742919612986346,-0.0016466279358913483,0.9399680570988886,False,Other
PrednisoLONE Acetate 1% Ophth. Susp.,0.029035894543324645,0.030687570199370386,-0.0016516756560457403,0.9461776984845927,False,Other
TraMADol,0.03109537819323461,0.032749801263983906,-0.0016544230707492974,0.9494829584639732,False,Other
Brimonidine Tartrate 0.15% Ophth.,0.031579928106761405,0.03325870984958278,-0.001678781742821371,0.9495235458496767,False,Other
Ramelteon,0.03347935102357449,0.0351705524324095,-0.0016912014088350108,0.9519142779435964,False,Other
Propofol,0.012658110851597073,0.014367700052949099,-0.0017095892013520263,0.881011630598377,False,Other
Maalox/Diphenhydramine/Lidocaine,0.022228205003417455,0.023943351803436166,-0.0017151468000187117,0.9283664704048425,False,Other
Octreotide Acetate,0.01571905155750838,0.01747162500396371,-0.001752573446455328,0.8996903009274907,False,Other
Omeprazole,0.0355561242909842,0.03734041563532993,-0.001784291344345726,0.9522155467745382,False,Other
LORazepam,0.025912747001661685,0.027730134245204298,-0.0018173872435426133,0.9344616500060069,False,Other
Heparin Flush (10 units/ml),0.01815019372189718,0.02001251678162238,-0.0018623230597251995,0.9069420862929453,False,Anticoagulant
PALIperidone Palmitate,0.028793103620409967,0.030684658139944077,-0.0018915545195341103,0.9383550401341523,False,Other
Hydrocortisone Na Succ.,0.013247720166748645,0.01514572599394755,-0.0018980058271989043,0.8746837340146405,False,Other
Alteplase,0.017161909639835358,0.019174723513424398,-0.00201281387358904,0.8950277498301422,False,Other
Levalbuterol Neb,0.016124904554869448,0.018163068033754826,-0.0020381634788853784,0.887785286324007,False,Other
Potassium Chloride,0.023002832340305764,0.02505214821537685,-0.002049315875071088,0.9181979981336199,False,Other
Readi-Cat 2 (Barium Sulfate 2% Suspension),0.020675931638106704,0.02277390934018926,-0.002097977702082556,0.9078780164290792,False,Other
CefTRIAXone,0.026552832361874598,0.028714660573314177,-0.0021618282114395787,0.9247134331983481,False,Other
Doxycycline Hyclate,0.024149234406650066,0.02632185413967818,-0.0021726197330281145,0.9174594722127475,False,Other
Vitamin B Complex,0.03267011449982723,0.034923738799989223,-0.002253624300161995,0.9354701307019656,False,Other
Ondansetron,0.03171996165922163,0.03404738473702207,-0.0023274230778004418,0.931641648961376,False,Other
Diltiazem Extended-Release,0.031778630698326885,0.03412482456437179,-0.002346193866044906,0.9312467127378448,False,CCB
Aluminum-Magnesium Hydrox.-Simethicone,0.032948277391759415,0.03539622306191134,-0.002447945670151927,0.9308416136413696,False,Other
Micafungin,0.010113887644062439,0.012566770240664483,-0.002452882596602044,0.8048120121855316,False,Other
Venlafaxine XR,0.03269548998214304,0.03518409209082956,-0.0024886021086865176,0.9292691111010606,False,Other
Timolol Maleate 0.5%,0.03439958152011968,0.0368918650969863,-0.002492283576866615,0.932443546285487,False,Other
Sodium Chloride 3% Inhalation Soln,0.015089562462110604,0.01759028440574184,-0.0025007219436312365,0.8578350476917276,False,Other
Lorazepam,0.02060290508191375,0.023123207163404335,-0.0025203020814905837,0.8910055139116122,False,Other
Latanoprost 0.005% Ophth. Soln.,0.03247978467884105,0.03501185020043825,-0.002532065521597203,0.9276797567937296,False,Other
Carvedilol,0.021653591442787855,0.02421375900684368,-0.002560167564055825,0.894268066212593,False,Beta-blocker
Vasopressin,0.012758394666506271,0.015324345091357827,-0.002565950424851556,0.8325572538627687,False,Other
Erythromycin 0.5% Ophth Oint,0.031814059508698325,0.034456065855920315,-0.0026420063472219896,0.923322460600416,False,Other
Hydrocortisone,0.02320569776929915,0.025862798865499168,-0.0026571010962000187,0.8972616571772293,False,Other
Potassium Chloride (Powder),0.01836572777443003,0.021024508116346215,-0.002658780341916186,0.8735389990004557,False,Other
Fluticasone Propionate NASAL,0.034596405685121234,0.03729366883635521,-0.002697263151233975,0.9276750388096816,False,Other
Sodium Chloride 0.9%  Flush,0.032616719190094234,0.03532440304527727,-0.002707683855183038,0.9233480647440114,False,Other
Enalapril Maleate,0.029010886512696742,0.03176319301128387,-0.0027523064985871294,0.9133491869784826,False,ACE/ARB
Lactulose,0.019860951685767132,0.022635760275941146,-0.002774808590174014,0.87741482696637,False,Other
Tenofovir Disoproxil (Viread),0.033584074738125004,0.03637584252282977,-0.002791767784704767,0.9232521478244076,False,Other
Captopril,0.02029288223928819,0.023144465334939236,-0.002851583095651044,0.8767920081806232,False,Other
Albuterol Inhaler,0.027938353180164292,0.03087858441610669,-0.002940231235942399,0.9047808929217386,False,Other
Allopurinol,0.030702634984137195,0.03368183102566695,-0.0029791960415297553,0.9115488692031177,False,Other
Budesonide,0.028435939457267523,0.03142545931041241,-0.002989519853144884,0.904869493756155,False,Other
Lidocaine 1% (For PICC/Midline Insertions),0.01503736132420368,0.018037943696638324,-0.003000582372434644,0.8336516388509488,False,Other
Dexamethasone,0.0229795906803946,0.025980479622475145,-0.0030008889420805457,0.8844944748639458,False,Other
Morphine Sulfate (Concentrated Oral Solution) 20 mg/mL,0.031963102705776694,0.03498169980370081,-0.003018597097924118,0.913709250411989,False,Other
Sodium Chloride,0.01912979017943144,0.022233181109186262,-0.0031033909297548228,0.8604162438782739,False,Other
Ferric Gluconate,0.027067308110417798,0.030195445788127405,-0.0031281376777096068,0.8964036596889865,False,Other
Oxymetazoline,0.02163388006962263,0.024763698904560164,-0.0031298188349375353,0.8736126276207797,False,Other
MethylPREDNISolone Sodium Succ,0.019075310270580435,0.022228144549510696,-0.003152834278930261,0.8581602584098876,False,Other
Ipratropium Bromide MDI,0.01893485688994969,0.022120214865675995,-0.003185357975726305,0.8559978736612982,False,Other
Midazolam,0.012460088556011517,0.01564849872480739,-0.003188410168795874,0.7962481753127332,False,Other
BuPROPion XL (Once Daily),0.031869383553337106,0.03509950441749472,-0.0032301208641576165,0.907972465202454,False,Other
Psyllium Powder,0.03625073298811912,0.03949748857745102,-0.0032467555893318997,0.9177984295643177,False,Other
Promethazine,0.02352229522710497,0.02679243790251868,-0.0032701426754137113,0.8779453110123177,False,Other
Labetalol,0.02550665203117482,0.02889915622369039,-0.0033925041925155705,0.8826088842782708,False,Other
Mirtazapine,0.027390722310189734,0.030811863020062447,-0.0034211407098727123,0.8889667688174158,False,Other
Metoclopramide,0.022124952268223842,0.025570778219505798,-0.0034458259512819556,0.8652436026114596,False,Other
Milk of Magnesia,0.02722891501205809,0.030680321881340608,-0.003451406869282518,0.8875042158087129,False,Other
Norepinephrine,0.013416929667194684,0.016931156907230616,-0.003514227240035932,0.7924402178013513,False,Other
Simethicone,0.02985551508281055,0.033391667474220454,-0.0035361523914099052,0.8941007545029028,False,Other
Methylnaltrexone,0.01920035933809621,0.022739854641258717,-0.0035394953031625057,0.8443483760559964,False,Other
ClonazePAM,0.03126783887855709,0.034864156752040514,-0.003596317873483426,0.896847702382105,False,Other
NIFEdipine (Extended Release),0.035714119434529956,0.039403142556548115,-0.003689023122018159,0.906377438887673,False,CCB
HYDROmorphone (Dilaudid),0.024927819990429336,0.028620412368916357,-0.003692592378487021,0.8709804620950389,False,Other
Dextrose 10% in Water (D10W),0.027545167262164445,0.03127724272073121,-0.0037320754585667623,0.8806776066583047,False,Other
Empagliflozin,0.032450932543724775,0.03619528692215681,-0.003744354378432034,0.8965513276221623,False,Other
Losartan Potassium,0.03697383447932413,0.04080978406220675,-0.0038359495828826154,0.9060041685828222,False,ACE/ARB
BuPROPion (Sustained Release),0.032780430890852585,0.03663202274590731,-0.003851591855054723,0.8948572432985552,False,Other
Nephrocaps,0.017609461676329374,0.021562756039202213,-0.003953294362872839,0.8166609891757091,False,Other
Propranolol LA,0.035157594131305814,0.03936106556405624,-0.004203471432750426,0.8932073770739338,False,Beta-blocker
DULoxetine DR,0.028973960576372013,0.03324029298964888,-0.004266332413276869,0.8716517807287253,False,Other
Filgrastim-sndz,0.02471815049648285,0.02900187410414219,-0.004283723607659339,0.8522949381727191,False,Other
ValGANCIclovir,0.023220997430722822,0.027520569901053723,-0.004299572470330901,0.8437687705672738,False,Other
Meropenem,0.017443278882031638,0.021765103392607094,-0.004321824510575455,0.8014333112681908,False,Other
Heparin (Hemodialysis),0.01734536408406237,0.021682492173884228,-0.004337128089821857,0.7999709602088191,False,Anticoagulant
OSELTAMivir,0.03138378970324993,0.0357377253472805,-0.004353935644030568,0.8781697603380937,False,Other
Amoxicillin-Clavulanic Acid,0.032222169705412605,0.03657908540438203,-0.004356915698969427,0.8808905238935393,False,Other
Lithium Carbonate,0.025541417952626943,0.029929840259931305,-0.004388422307304362,0.8533763538598172,False,Other
Pantoprazole,0.02880010897401,0.03322715473184053,-0.0044270457578305285,0.8667642236129165,False,Other
GuaiFENesin ER,0.025197060353568067,0.02972131504987677,-0.0045242546963087035,0.8477774388947349,False,Other
BuPROPion,0.025905721953936985,0.030471714878720895,-0.0045659929247839105,0.8501563517853585,False,Other
OxyCODONE SR (OxyCONTIN),0.022621689971698368,0.027233065613968807,-0.004611375642270439,0.8306699764309641,False,Other
Atovaquone Suspension,0.02093679760582745,0.02556031233129593,-0.004623514725468479,0.81911352781838,False,Other
Creon 12,0.026097981755932174,0.03087933293233315,-0.004781351176400977,0.8451601533336713,False,Other
Finasteride,0.03115077905404644,0.03601422496140003,-0.0048634459073535925,0.8649576406943028,False,Other
Acetylcysteine 20%,0.018699241971427746,0.02356411246582866,-0.004864870494400913,0.793547475999545,False,Other
MoviPrep,0.034330689115449786,0.03938180223022672,-0.005051113114776934,0.8717399197414065,False,Other
Acetaminophen (Liquid),0.031176420119710457,0.036329935665332505,-0.005153515545622048,0.8581468573714062,False,Other
HYDROcodone-Acetaminophen (5mg-325mg),0.03492954559624195,0.040174401551485064,-0.005244855955243113,0.8694478137148696,False,Other
Albumin 25% (12.5g / 50mL),0.01460633740955314,0.019851497176321262,-0.005245159766768122,0.7357801419116884,False,Other
Cefpodoxime Proxetil,0.031617090698670254,0.036868008014200065,-0.005250917315529811,0.857575236679254,False,Other
PHENObarbital Alcohol Withdrawal Dose Taper (Days 2-7),0.014150943607091904,0.01942011376377195,-0.0052691701566800475,0.7286745988836771,False,Other
Fluconazole,0.01716783073906963,0.02248110919589958,-0.00531327845682995,0.7636558583239719,False,Other
Multivitamins W/minerals Chewable,0.02000743955639856,0.02546473845307316,-0.0054572988966745985,0.7856919321307226,False,Other
CefazoLIN,0.027341477218128386,0.032862854190170765,-0.005521376972042379,0.8319872966574579,False,Other
Ketorolac,0.03169996814491848,0.037253038261056415,-0.005553070116137933,0.8509364504118043,False,Other
Desmopressin Acetate,0.01891590150840142,0.024555280211974274,-0.005639378703572853,0.7703394685423774,False,Other
Amitriptyline,0.04069321762977375,0.04645068421959877,-0.005757466589825018,0.8760520606627407,False,Other
Divalproex (EXTended Release),0.027275766731928223,0.033066561711685996,-0.005790794979757773,0.8248745959664969,False,Other
Glycopyrrolate,0.024905234623443465,0.030895690724719316,-0.0059904561012758505,0.8061070666893053,False,Other
Potassium Citrate,0.020779467876190724,0.027058844354801943,-0.00627937647861122,0.767936265264157,False,Other
Diphenoxylate-Atropine,0.022054018343196195,0.028387918788939714,-0.006333900445743518,0.77688042251934,False,Other
Lactulose Enema,0.013933475750188032,0.02030862817684045,-0.0063751524266524185,0.6860865061322796,False,Other
CeFAZolin,0.030325075082088773,0.03676532532906893,-0.00644025024698016,0.8248281447440885,False,Other
Bictegrav-Emtricit-Tenofov Ala,0.03331053862348199,0.039764474146068096,-0.006453935522586107,0.8376959418882628,False,Other
Lansoprazole Oral Disintegrating Tab,0.01810441927035462,0.024749916377327135,-0.006645497106972514,0.731494159185915,False,Other
Oxybutynin,0.03925690287724137,0.04619180893196779,-0.0069349060547264155,0.8498671904159397,False,Other
Dorzolamide 2%/Timolol 0.5% Ophth.,0.034870624796233395,0.041913515131454915,-0.00704289033522152,0.8319661256486687,False,Other
Hydrochlorothiazide,0.04254877690296128,0.04962261634077444,-0.007073839437813159,0.8574472698248147,False,Diuretic
Apixaban,0.03203522066537339,0.03913698847302132,-0.00710176780764793,0.8185407696214679,False,Anticoagulant
FLUoxetine,0.030203071127577526,0.03758865378152292,-0.007385582653945396,0.8035156380733206,False,Other
Nicotine Patch,0.032549127407202665,0.03995266937367294,-0.007403541966470278,0.8146921824615582,False,Other
Ezetimibe,0.03229021167382598,0.03973268471392138,-0.007442473040095397,0.8126863791439763,True,Other Lipid
Diazepam,0.03049195839446925,0.03802850392629516,-0.007536545531825908,0.8018185110191859,False,Other
Ursodiol,0.02664763352799195,0.03423019922855827,-0.007582565700566323,0.7784831560594545,False,Other
MethIMAzole,0.020939828641712666,0.02856453415006399,-0.007624705508351325,0.7330708959475803,False,Other
Sulfameth/Trimethoprim SS,0.023543408974849928,0.031192453096395935,-0.007649044121546007,0.7547790134393182,False,Other
Niacinamide,0.012607979516570385,0.020677661756053567,-0.008069682239483181,0.6097391313057575,False,Other
GuaiFENesin-CODEINE Phosphate,0.020755807713915903,0.028829372798403103,-0.0080735650844872,0.7199534953138348,False,Other
Fentanyl Patch,0.021808454542067545,0.029942233736316364,-0.008133779194248819,0.7283509551799566,False,Other
OxyCODONE SR (OxyconTIN),0.016280974333102886,0.024501246543457873,-0.008220272210354988,0.6644957555210635,False,Other
Lidocaine-Prilocaine,0.016013634856790304,0.024264469476682798,-0.008250834619892494,0.6599622906315252,False,Other
Digoxin,0.022761190091841854,0.03106558403891066,-0.008304393947068806,0.7326818663165231,False,Other
Enoxaparin (Treatment),0.02561355773359537,0.033956647960140425,-0.008343090226545054,0.7543017132804604,False,Anticoagulant
Valsartan,0.03128477805959327,0.039739475903532856,-0.008454697843939589,0.7872468709838228,False,ACE/ARB
OxycoDONE (Immediate Release) ,0.028687401449367884,0.03725330265135401,-0.008565901201986123,0.7700633073488107,False,Other
Nadolol,0.032104032257428534,0.04071852223326763,-0.008614489975839093,0.7884380497286091,False,Other
Tobramycin,0.009433962404727936,0.018073820198575657,-0.008639857793847721,0.5219683664592059,False,Other
Naproxen,0.030495842220261693,0.03925811297570666,-0.008762270755444966,0.776803567688871,False,Other
Gastroview (Diatrizoate Meglumine & Sodium),0.01744396606569781,0.02633252856321633,-0.008888562497518519,0.6624493361440849,False,Other
Sacubitril-Valsartan (24mg-26mg),0.027314718155299917,0.03635843646609121,-0.009043718310791291,0.7512621776454637,False,ACE/ARB
Brimonidine Tartrate 0.2% Ophth.,0.029113349330145866,0.03833006229251623,-0.009216712962370366,0.7595434911628128,False,Other
LACOSamide,0.017846638877545635,0.027120323923344795,-0.00927368504579916,0.6580540456665969,False,Other
Nitrofurantoin Monohyd (MacroBID),0.030354958441522386,0.039705793683727585,-0.009350835242205199,0.7644969568751524,False,Other
Ipratropium-Albuterol Inhalation Spray,0.023259352194145322,0.03270435479602644,-0.009445002601881115,0.7112004605873259,False,Other
Ipratropium Bromide Neb,0.01833232675368587,0.0280543083437916,-0.00972198159010573,0.6534585179941819,False,Other
Zolpidem Tartrate,0.03476013318868354,0.04472027230076492,-0.009960139112081379,0.7772791040918815,False,Other
ValACYclovir,0.023074044069896143,0.03384144130078229,-0.010767397230886145,0.6818280540954016,False,Other
Mycophenolate Sodium DR,0.02679340585904277,0.03777406964864996,-0.01098066378960719,0.7093068368925497,False,Other
HYDROmorphone Infusion – Comfort Care Guidelines,0.020396173745393754,0.031684492559482656,-0.011288318814088903,0.6437273283485018,False,Other
Cholestyramine,0.021575975813902915,0.03290495167796811,-0.011328975864065192,0.655706047681248,True,Other
Epoetin Alfa,0.012422483970200824,0.023843339551240204,-0.01142085558103938,0.5210043644894816,False,Other
ChlorproMAZINE,0.02149938838556409,0.03333333507180214,-0.01183394668623805,0.6449816179285099,False,Other
Zonisamide,0.02631558684839143,0.03834321796894073,-0.012027631120549304,0.6863165963197956,False,Other
Psyllium Wafer,0.021213740213877626,0.03343586225739934,-0.012222122043521716,0.6344606892613645,False,Other
PNEUMOcoccal 23-valent polysaccharide vaccine,0.04210283110539118,0.05665217627606848,-0.014549345170677297,0.7431811780755303,False,Other
Citalopram,0.025242957693321265,0.03995710426741945,-0.014714146574098183,0.6317514283412193,False,Other
Ondansetron ODT,0.024443698654067703,0.03933646594588128,-0.014892767291813575,0.6214004757747456,False,Other
Bacitracin Ointment,0.04978896813311925,0.06470433746774991,-0.014915369334630661,0.7694842429680264,False,Other
Morphine Infusion – Comfort Care Guidelines,0.018764302600175142,0.033699809185539685,-0.014935506585364543,0.5568073841862212,False,Other
CloNIDine,0.028175497061706016,0.04325923399024066,-0.015083736928534645,0.6513175214351332,False,Other
Lidocaine Viscous 2%,0.016302555846050382,0.03313416242599487,-0.01683160657994449,0.49201653678321067,False,Other
Phenazopyridine,0.045118446594902446,0.06222222372889519,-0.01710377713399274,0.7251178741455045,False,Other
Amlodipine,0.023944781688244446,0.04114419706165791,-0.017199415373413462,0.5819722682243927,False,CCB
Sodium Chloride 0.9%  (Mini Bag Plus),0.013454513003428778,0.030822694883681834,-0.017368181880253054,0.4365131943914441,False,Other
Tizanidine,0.021413375480243795,0.0391133835969063,-0.017700008116662502,0.5474692678323412,False,Other
Fleet Enema (Mineral Oil),0.015585857605480629,0.03345618932507932,-0.017870331719598693,0.46585872210488743,False,Other
Guaifenesin-Dextromethorphan,0.015337593915561835,0.03329552416331493,-0.017957930247753096,0.4606503216567716,False,Other
Sacubitril-Valsartan (49mg-51mg),0.020321407355368137,0.039273904370410104,-0.018952497015041966,0.51742773429674,False,ACE/ARB
RisperiDONE,0.029444818833359965,0.04896373110305932,-0.019518912269699356,0.6013597854988671,False,Other
TraMADOL (Ultram),0.022742983367707994,0.042471341581808195,-0.0197283582141002,0.5354901098167694,False,Other
ARIPiprazole,0.02825584558939392,0.04809648951049894,-0.01984064392110502,0.5874824935658969,False,Other
Pyridoxine,0.023964816549172003,0.044846084634108205,-0.020881268084936202,0.5343792383370138,False,Other
Flecainide Acetate,0.024330573342740535,0.045308990171179175,-0.02097841682843864,0.536992178612206,False,Other
Methadone,0.01366481795220783,0.03796045681727784,-0.02429563886507001,0.35997506610584934,False,Other
Sotalol,0.021484876982867718,0.04788640923798084,-0.026401532255113123,0.44866335406554364,False,Other
Amantadine,0.019372706301510334,0.04657027901460727,-0.02719757271309694,0.415988624320543,False,Other
tiZANidine,0.02408050186932087,0.052467552945017815,-0.028387051075696945,0.4589598812537624,False,Other
PhenAZOPYRIDine,0.0330677159751455,0.0621168315410614,-0.029049115565915905,0.532347113572375,False,Other
OxyCODONE--Acetaminophen (5mg-325mg),0.03121062853084556,0.07016806863248348,-0.03895744010163792,0.44479817015224166,False,Other
