drug,n_patients,improvement_rate,mean_ldl_change,median_ldl_change,transformer_attention,is_lipid_drug,category
Prasugrel,59,0.7796610169491526,-40.067796610169495,-26.0,0.04810912421505366,False,Antiplatelet
TiCAGRELOR,306,0.7647058823529411,-39.73529411764706,-36.5,0.03782065988828739,False,Antiplatelet
Dexmedetomidine (CVICU Fast-Track Extubation Protocol),41,0.7560975609756098,-44.09756097560975,-36.0,0.0,False,Other
Pantoprazole (Granules for DR Suspension),51,0.7450980392156863,-29.098039215686274,-25.0,0.0,False,Other
Salmeterol Xinafoate Diskus (50 mcg),47,0.7446808510638298,-23.617021276595743,-22.0,0.0,False,Other
Atropine Sulfate,89,0.7303370786516854,-26.93258426966292,-21.0,0.033730446276339615,False,Other
DAPTOmycin,55,0.7272727272727273,-20.98181818181818,-17.0,0.01730933628584209,False,Other
Guaifenesin,33,0.7272727272727273,-10.515151515151516,-14.0,0.0,False,Other
Fosphenytoin,33,0.7272727272727273,-19.303030303030305,-12.0,0.0,False,Other
Hydrocortisone Cream 2.5%,40,0.725,-25.625,-26.5,0.0,False,Other
MethIMAzole,40,0.725,-18.9,-16.0,0.025387573521584272,False,Other
Epoetin alfa-epbx (Retacrit),151,0.7218543046357616,-33.42384105960265,-29.0,0.017378935176465247,False,Other
MethylPHENIDATE (Ritalin),95,0.7157894736842105,-17.705263157894738,-12.0,0.030197987193241717,False,Other
Heparin (IABP),42,0.7142857142857143,-35.45238095238095,-28.0,0.0,False,Anticoagulant
Albumin 5% (25g / 500mL),87,0.7126436781609196,-25.666666666666668,-13.0,0.012964820004999638,False,Other
Doxercalciferol,101,0.7029702970297029,-26.287128712871286,-21.0,0.01795508461073041,False,Other
sevelamer CARBONATE,552,0.7010869565217391,-25.715579710144926,-21.0,0.01871898742335523,False,Other
Hydromorphone (Oral Solution) 1 mg/1 mL,30,0.7,-11.333333333333334,-6.0,0.0,False,Other
OxycoDONE (Concentrated Oral Soln),50,0.7,-21.24,-14.5,0.028555209438006084,False,Other
Pramipexole,103,0.6990291262135923,-11.893203883495145,-10.0,0.04055983891400198,False,Other
Mesalamine DR,43,0.6976744186046512,-21.58139534883721,-17.0,0.04067543391138315,False,Other
Meclizine,201,0.6965174129353234,-17.606965174129353,-13.0,0.03365255708922632,False,Other
Morphine Sulfate (Oral Solution) 2 mg/mL,112,0.6964285714285714,-18.044642857142858,-15.0,0.02028342412615364,False,Other
Rosuvastatin Calcium,1398,0.6945636623748211,-26.831902718168813,-20.0,0.038544606496413635,True,Statin
Hydroxychloroquine Sulfate,180,0.6944444444444444,-21.916666666666668,-14.5,0.03399481065571308,False,Other
DOPamine,85,0.6941176470588235,-24.376470588235293,-19.0,0.013231236953288317,False,Other
Dabigatran Etexilate,88,0.6931818181818182,-18.147727272727273,-15.0,0.035288285464048386,False,Other
Golytely,65,0.6923076923076923,-20.138461538461538,-16.0,0.0,False,Other
Ferrous GLUCONATE,94,0.6914893617021277,-20.414893617021278,-18.5,0.0379210186119263,False,Other
Nitroglycerin SL,900,0.6911111111111111,-24.61,-18.0,0.03386153123912311,False,Other
Brimonidine Tartrate 0.2% Ophth.,93,0.6881720430107527,-22.193548387096776,-18.0,0.03162699831988324,False,Other
MetFORMIN XR (Glucophage XR),205,0.6878048780487804,-23.897560975609757,-16.0,0.03009558460839531,False,Antidiabetic
Eplerenone,67,0.6865671641791045,-19.44776119402985,-16.0,0.029832072969939973,False,Other
Atorvastatin,7412,0.686184565569347,-23.005396654074474,-17.0,0.03644255232182422,True,Statin
Valproic Acid,70,0.6857142857142857,-23.82857142857143,-15.5,0.013675322473952265,False,Other
Nephrocaps,295,0.6847457627118644,-24.877966101694916,-19.0,0.018640755857948377,False,Other
Ezetimibe,415,0.6843373493975904,-26.13012048192771,-20.0,0.03391825265134685,True,Other Lipid
Isosorbide Mononitrate (Extended Release),851,0.6827262044653349,-23.014101057579317,-18.0,0.027264284043662292,False,Other
Brimonidine Tartrate 0.15% Ophth.,217,0.6820276497695853,-19.640552995391705,-15.0,0.03223684270177846,False,Other
Metolazone,110,0.6818181818181818,-20.6,-16.5,0.012034097220748663,False,Other
HYDROmorphone Infusion – Comfort Care Guidelines,47,0.6808510638297872,-26.04255319148936,-17.0,0.02655343855307861,False,Other
GuaiFENesin-CODEINE Phosphate,75,0.68,-20.973333333333333,-14.0,0.023446996075411636,False,Other
Nitrofurantoin (Macrodantin),31,0.6774193548387096,-11.064516129032258,-23.0,0.0,False,Other
Clopidogrel,1976,0.6766194331983806,-23.35425101214575,-17.0,0.03678297350950676,False,Antiplatelet
Triamcinolone Acetonide 0.1% Ointment,68,0.6764705882352942,-23.544117647058822,-23.5,0.0,False,Other
Acetylcysteine 20%,216,0.6759259259259259,-21.791666666666668,-13.5,0.02021951400092803,False,Other
Carbidopa-Levodopa (25-100),191,0.675392670157068,-16.94240837696335,-14.0,0.037091006966844454,False,Other
Insulin Glargine  (CVICU Protocol),434,0.6751152073732719,-27.089861751152075,-19.0,0.012573446629636258,False,Antidiabetic
Potassium Bicarbonate Eff,40,0.675,-18.225,-12.5,0.0,False,Other
Bismuth Subsalicylate,46,0.6739130434782609,-16.565217391304348,-12.5,0.0,False,Other
"Lidocaine 1%/Epinephrine 1:100,000",95,0.6736842105263158,-17.263157894736842,-15.0,0.012712520143638054,False,Other
Linezolid,150,0.6733333333333333,-19.44,-16.0,0.01865334811097965,False,Other
Sirolimus,52,0.6730769230769231,-7.4423076923076925,-12.0,0.027618430125025604,False,Other
Heparin (Hemodialysis),106,0.6698113207547169,-24.68867924528302,-22.0,0.018791073447336323,False,Anticoagulant
ValACYclovir,118,0.6694915254237288,-21.491525423728813,-11.5,0.028223668832493866,False,Other
DOBUTamine,123,0.6666666666666666,-18.471544715447155,-16.0,0.010716615989804269,False,Other
Fosaprepitant,42,0.6666666666666666,-22.023809523809526,-12.0,0.0,False,Other
Heparin Dwell (1000 Units/mL),294,0.6666666666666666,-23.75170068027211,-17.5,0.017492726368356262,False,Anticoagulant
Dextromethorphan Polistirex,39,0.6666666666666666,-16.46153846153846,-11.0,0.0,False,Other
CarBAMazepine,36,0.6666666666666666,-17.416666666666668,-16.5,0.0,False,Other
PrimiDONE,33,0.6666666666666666,-14.969696969696969,-10.0,0.0,False,Other
Epoetin Alfa,141,0.6666666666666666,-23.46808510638298,-18.0,0.014008713912011849,False,Other
Iohexol 240 (Omnipaque 240),165,0.6666666666666666,-21.296969696969697,-12.0,0.032430100111434094,False,Other
Tirofiban,42,0.6666666666666666,-34.714285714285715,-41.0,0.0,False,Other
LevETIRAcetam Oral Solution,39,0.6666666666666666,-23.615384615384617,-18.0,0.0,False,Other
Phenytoin Sodium Extended,39,0.6666666666666666,-17.358974358974358,-12.0,0.0,False,Other
Felodipine,57,0.6666666666666666,-15.947368421052632,-11.0,0.0,False,Other
Ketorolac 0.5% Ophth Soln,36,0.6666666666666666,-18.583333333333332,-13.5,0.0,False,Other
Ipratropium-Albuterol Inhalation Spray,87,0.6666666666666666,-15.172413793103448,-13.0,0.027667020075023176,False,Other
Aspirin EC,1178,0.66553480475382,-22.147707979626485,-16.0,0.028199510039904944,False,Antiplatelet
Miconazole Powder 2%,364,0.6648351648351648,-18.917582417582416,-15.0,0.021545089325971073,False,Other
MetFORMIN (Glucophage),641,0.6645865834633385,-19.04836193447738,-13.0,0.03129236090221796,False,Antidiabetic
Meperidine,101,0.6633663366336634,-20.336633663366335,-14.0,0.012313797287642956,False,Other
Torsemide,1453,0.6627666896077082,-17.838953888506538,-13.0,0.0231211777687983,False,Other
Nitroglycerin,797,0.6624843161856964,-25.70138017565872,-18.0,0.015671926693847545,False,Other
Capsaicin 0.025%,100,0.66,-14.28,-12.0,0.028921127862607438,False,Other
Calcitriol,464,0.6594827586206896,-20.461206896551722,-14.0,0.02600352645360975,False,Other
Calcium Gluconate Replacement (Oncology),44,0.6590909090909091,-4.7727272727272725,-12.0,0.014642295893281698,False,Other
Albumin 5%,243,0.6584362139917695,-20.94650205761317,-12.0,0.015534330140419153,False,Other
CRRT,76,0.6578947368421053,-26.907894736842106,-20.5,0.010240689540902773,False,Other
Artificial Tears GEL 1%,266,0.6578947368421053,-21.225563909774436,-14.0,0.014167477287208805,False,Other
Ranitidine,774,0.6576227390180879,-18.297157622739018,-13.0,0.025957745171728587,False,Other
Creon 12,210,0.6571428571428571,-19.033333333333335,-12.5,0.027691765481399164,False,Other
Amantadine,35,0.6571428571428571,-16.314285714285713,-14.0,0.03025173538674911,False,Other
Cinacalcet,131,0.6564885496183206,-21.610687022900763,-16.0,0.02643647658474305,False,Other
Pancrelipase 5000,32,0.65625,-26.1875,-19.0,0.0,False,Other
AcetaZOLamide,96,0.65625,-21.854166666666668,-12.5,0.017853460919398528,False,Other
Triamterene-HCTZ (37.5/25),93,0.6559139784946236,-21.774193548387096,-11.0,0.06003997897108396,False,Other
Collagenase Ointment,90,0.6555555555555556,-20.622222222222224,-15.0,0.022756848903372883,False,Other
CARVedilol,1181,0.6545300592718035,-19.11092294665538,-15.0,0.02580004347526746,False,Beta-blocker
Aspirin,7963,0.6538992841893758,-20.118422705010673,-14.0,0.03560271662499723,False,Antiplatelet
PHENYLephrine,468,0.6538461538461539,-21.876068376068375,-16.0,0.01277261708771259,False,Other
Midodrine,439,0.6537585421412301,-20.198177676537586,-15.0,0.020695250314063655,False,Other
rOPINIRole,98,0.6530612244897959,-15.510204081632653,-8.5,0.027980571267781435,False,Other
Nortriptyline,167,0.6526946107784432,-13.724550898203592,-12.0,0.04117533429823023,False,Other
Doxazosin,236,0.652542372881356,-18.758474576271187,-13.0,0.033557793435951076,False,Other
EPINEPHrine,282,0.6524822695035462,-19.854609929078013,-14.5,0.016352263593188164,False,Other
Sodium Chloride 0.9%  (Mini Bag Plus),46,0.6521739130434783,-18.91304347826087,-11.5,0.023379188363573382,False,Other
Zinc Sulfate,161,0.6521739130434783,-21.08695652173913,-15.0,0.025613959630330405,False,Other
Calcitonin Salmon,43,0.6511627906976745,-8.651162790697674,-15.0,0.016401988298942644,False,Other
Fleet Enema (Mineral Oil),149,0.6510067114093959,-19.79194630872483,-16.0,0.020197556113764163,False,Other
CeftriaXONE,100,0.65,-13.6,-9.0,0.02684065744280815,False,Other
Atropine Sulfate 1%,40,0.65,-9.05,-8.0,0.013342664111405611,False,Other
Protamine Sulfate,40,0.65,-40.575,-25.5,0.012938229599967599,False,Other
Metoprolol Succinate XL,3861,0.6495726495726496,-18.908313908313907,-13.0,0.03499680203698973,False,Beta-blocker
Metoclopramide,658,0.648936170212766,-18.486322188449847,-11.0,0.023230702386918798,False,Other
Mouth Care Oral Rinse,376,0.648936170212766,-25.835106382978722,-18.0,0.012667139499847378,False,Other
Timolol Maleate 0.25%,37,0.6486486486486487,-21.56756756756757,-17.0,0.0,False,Other
Morphine Sulfate (Concentrated Oral Solution) 20 mg/mL,128,0.6484375,-13.546875,-8.0,0.03336459421552718,False,Other
Finasteride,772,0.6476683937823834,-16.454663212435232,-11.5,0.03316197848941823,False,Other
Losartan Potassium,1855,0.6474393530997304,-17.932075471698113,-13.0,0.03824908367576117,False,ACE/ARB
Spironolactone,1012,0.6472332015810277,-17.635375494071145,-12.0,0.025683068015496247,False,Diuretic
Diazepam - CIWA protocol,204,0.6470588235294118,-19.941176470588236,-14.0,0.03428724377105633,False,Other
Clotrimazole Cream,68,0.6470588235294118,-15.338235294117647,-11.0,0.0,False,Other
Vitamin E,68,0.6470588235294118,-7.75,-11.0,0.02846554136620118,False,Other
Glycopyrrolate,533,0.6454033771106942,-17.53846153846154,-12.0,0.027617893990058946,False,Other
Benzocaine-Menthol (Sore Throat Lozenge),93,0.6451612903225806,-22.258064516129032,-18.0,0.03418487475182001,False,Other
Nafcillin,31,0.6451612903225806,-17.548387096774192,-17.0,0.0,False,Other
Influenza Vaccine High-Dose Quadrivalent,1281,0.644808743169399,-17.466822794691648,-11.0,0.039610720633600764,False,Other
Gastroview (Diatrizoate Meglumine & Sodium),121,0.6446280991735537,-14.214876033057852,-9.0,0.021121991926739955,False,Other
Hyoscyamine,180,0.6444444444444445,-17.866666666666667,-12.0,0.036891547666693274,False,Other
Vancomycin – Pharmacy to Dose (ID Consult ONLY),90,0.6444444444444445,-15.811111111111112,-8.0,0.0,False,Other
DULoxetine DR,427,0.6440281030444965,-18.711943793911008,-16.0,0.030789421177766424,False,Other
Timolol Maleate 0.5%,264,0.6439393939393939,-15.375,-12.0,0.03549268835207872,False,Other
Citrate Dextrose 3% (ACD-A) CRRT,146,0.6438356164383562,-20.246575342465754,-16.0,0.013006215194059957,False,Other
Metoprolol Tartrate,4191,0.6435218324982105,-19.614411834884276,-13.0,0.022034446138711777,False,Beta-blocker
Heparin Flush (1000 units/mL),230,0.6434782608695652,-19.46086956521739,-14.0,0.016826006405531092,False,Anticoagulant
Calcium Gluconate,1091,0.6434463794683777,-20.401466544454628,-13.0,0.015315745728311398,False,Other
Sacubitril-Valsartan (24mg-26mg),143,0.6433566433566433,-25.95104895104895,-14.0,0.030445236032112286,False,ACE/ARB
Allopurinol,1222,0.6432078559738135,-15.391980360065466,-13.0,0.031632791214298066,False,Other
ValGANCIclovir Oral Solution,42,0.6428571428571429,-9.785714285714286,-22.5,0.0,False,Other
Betamethasone Dipro 0.05% Cream,42,0.6428571428571429,-10.380952380952381,-8.5,0.0,False,Other
Albumin 25%,280,0.6428571428571429,-18.425,-11.5,0.017391759748844538,False,Other
MetOLazone,154,0.6428571428571429,-20.81168831168831,-14.5,0.01284992355587227,False,Other
Diphenoxylate-Atropine,81,0.6419753086419753,-14.938271604938272,-13.0,0.024399907397175277,False,Other
Ferric Gluconate,455,0.6417582417582418,-18.52747252747253,-14.0,0.027995436871936032,False,Other
Isosorbide Dinitrate,427,0.6416861826697893,-21.559718969555036,-13.0,0.01790083895863618,False,Other
Fexofenadine,159,0.6415094339622641,-16.71698113207547,-13.0,0.037574343741513215,False,Other
Fleet Enema,53,0.6415094339622641,-11.90566037735849,-12.0,0.0,False,Other
Sodium CITRATE 4%,212,0.6415094339622641,-19.985849056603772,-14.5,0.012828440161510593,False,Other
HydrALAzine,117,0.6410256410256411,-20.905982905982906,-13.0,0.018784782157412597,False,Other
GuaiFENesin-Dextromethorphan,415,0.6409638554216868,-14.797590361445783,-14.0,0.029095124083165176,False,Other
Clobetasol Propionate 0.05% Ointment,64,0.640625,-19.1875,-15.5,0.0,False,Other
Colchicine,317,0.6403785488958991,-17.07255520504732,-14.0,0.03366624636368619,False,Other
Mupirocin Ointment 2%,342,0.6403508771929824,-21.68421052631579,-14.5,0.01563801706275519,False,Other
Nicotine Polacrilex,86,0.6395348837209303,-12.220930232558139,-14.0,0.051095809255327494,False,Other
Dextrose 10% in Water (D10W),1301,0.6395080707148347,-18.67794004611837,-14.0,0.028898959340271996,False,Other
Lidocaine,36,0.6388888888888888,-20.27777777777778,-13.0,0.013350438684798203,False,Other
Cholestyramine,72,0.6388888888888888,-15.01388888888889,-10.5,0.02643125118421657,True,Other
Pravastatin,916,0.638646288209607,-14.055676855895197,-13.0,0.03647255430157047,True,Statin
Tiotropium Bromide,738,0.6382113821138211,-16.12872628726287,-12.0,0.026631136438844346,False,Other
Bumetanide,185,0.6378378378378379,-18.275675675675675,-15.0,0.015562467987983282,False,Diuretic
GlipiZIDE,149,0.6375838926174496,-17.375838926174495,-19.0,0.027844467386603355,False,Antidiabetic
Nicotine Lozenge,80,0.6375,-10.7,-11.5,0.0,False,Other
Cepacol (Sore Throat Lozenge),753,0.6374501992031872,-17.844621513944222,-11.0,0.029883655870893623,False,Other
Simvastatin,1356,0.6371681415929203,-13.81858407079646,-9.0,0.03745532000698803,True,Statin
Warfarin,1353,0.6371027346637103,-14.970436067997044,-11.0,0.023086290573701262,False,Anticoagulant
Cephalexin,300,0.6366666666666667,-15.12,-12.0,0.03564565848559141,False,Other
Lidocaine 1%,555,0.6360360360360361,-20.63063063063063,-13.0,0.019121996462723324,False,Other
Psyllium Powder,184,0.6358695652173914,-15.63586956521739,-9.0,0.03696096077328548,False,Other
Levalbuterol Neb,74,0.6351351351351351,-17.135135135135137,-17.0,0.01666126336510244,False,Other
Rifaximin,137,0.635036496350365,-18.043795620437955,-10.0,0.021970481571295986,False,Other
Dorzolamide 2% Ophth. Soln.,115,0.6347826086956522,-14.695652173913043,-11.0,0.027321523695718497,False,Other
Nystatin Cream,115,0.6347826086956522,-14.252173913043478,-13.0,0.02427927212899222,False,Other
Calcium Chloride,52,0.6346153846153846,-18.365384615384617,-14.5,0.0,False,Other
ARIPiprazole,186,0.6344086021505376,-15.064516129032258,-11.0,0.036609800924596037,False,Other
Nystatin Ointment,41,0.6341463414634146,-17.146341463414632,-11.0,0.0,False,Other
Dofetilide,41,0.6341463414634146,-8.658536585365853,-11.0,0.0,False,Other
Witch Hazel 50% Pad,41,0.6341463414634146,-15.0,-9.0,0.0,False,Other
Vitamin D2 (Ergocalciferol),71,0.6338028169014085,-21.338028169014084,-13.0,0.02662621760232882,False,Other
Latanoprost 0.005% Ophth. Soln.,770,0.6337662337662338,-15.090909090909092,-12.0,0.03338679322389079,False,Other
Heparin (CRRT Machine Priming),172,0.6337209302325582,-21.930232558139537,-15.0,0.013464407871166865,False,Anticoagulant
Topiramate (Topamax),221,0.6334841628959276,-13.927601809954751,-12.0,0.03298207473587887,False,Other
Diltiazem Extended-Release,419,0.6324582338902148,-14.071599045346062,-13.0,0.03248048356423775,False,CCB
TraMADol,1744,0.632454128440367,-16.112385321100916,-10.0,0.03163144823850533,False,Other
Apixaban,2255,0.6323725055432372,-15.48159645232816,-11.0,0.03448306403737119,False,Anticoagulant
Lisinopril,3416,0.6320257611241218,-16.614754098360656,-11.0,0.03511438431047997,False,ACE/ARB
Dorzolamide 2%/Timolol 0.5% Ophth.,239,0.6317991631799164,-17.03347280334728,-12.0,0.03783605230580035,False,Other
Modafinil,57,0.631578947368421,-14.263157894736842,-8.0,0.030900518875569105,False,Other
Methotrexate,57,0.631578947368421,-8.824561403508772,-7.0,0.0,False,Other
Neomycin-Polymyxin-Bacitracin,263,0.6311787072243346,-20.26615969581749,-14.0,0.011937832799466218,False,Other
Insulin,6939,0.6309266464908488,-16.767113416918864,-12.0,0.0188027340013029,False,Antidiabetic
Rivaroxaban,639,0.6306729264475743,-15.616588419405321,-13.0,0.04002116095351497,False,Anticoagulant
Glucagon,7251,0.6305337194869673,-16.830230313060266,-12.0,0.028512256456786962,False,Other
Glucose Gel,7250,0.6304827586206897,-16.80344827586207,-12.0,0.028547330623813087,False,Other
Citalopram,663,0.6304675716440422,-13.654600301659125,-9.0,0.031005140967093982,False,Other
Calcium Acetate,119,0.6302521008403361,-22.991596638655462,-18.0,0.018595663282801125,False,Other
Diltiazem,430,0.6302325581395349,-16.509302325581395,-11.5,0.02177331498520967,False,CCB
Dextrose 50%,6261,0.6300910397700048,-16.54719693339722,-11.0,0.025921243454512157,False,Other
NiCARdipine,354,0.6299435028248588,-18.019774011299436,-11.0,0.018730943534700645,False,Other
GlipiZIDE XL,127,0.6299212598425197,-20.173228346456693,-15.0,0.028026578947901726,False,Antidiabetic
Insulin Pump (Self Administering Medication),54,0.6296296296296297,-11.018518518518519,-13.5,0.02157074886445816,False,Antidiabetic
Lidocaine Jelly 2% (Glydo),1476,0.6294037940379403,-17.02981029810298,-11.0,0.02295138059671314,False,Other
Bengay Cream,62,0.6290322580645161,-6.838709677419355,-9.0,0.02538134293122725,False,Other
Sildenafil,62,0.6290322580645161,-19.451612903225808,-12.0,0.022598064737394452,False,Other
MoviPrep,407,0.628992628992629,-12.857493857493857,-10.0,0.03606700924865436,False,Other
Ferrous Sulfate,849,0.6289752650176679,-14.918727915194346,-11.0,0.03268192022647939,False,Other
Sodium Chloride 0.9%  Flush for CRRT,167,0.6287425149700598,-19.766467065868262,-13.0,0.01355695677921176,False,Other
LOPERamide,517,0.6286266924564797,-15.516441005802708,-12.0,0.02482784227342219,False,Other
Ropivacaine 0.2%,35,0.6285714285714286,-19.685714285714287,-12.0,0.0,False,Other
tiZANidine,105,0.6285714285714286,-15.904761904761905,-10.0,0.02856266782864144,False,Other
Amiodarone,914,0.6280087527352297,-16.345733041575492,-12.5,0.018292669270646898,False,Other
Furosemide,4781,0.6279021125287597,-16.153942689813846,-11.0,0.017816412768420508,False,Diuretic
DICYCLOMine,153,0.6274509803921569,-15.908496732026144,-10.0,0.030937141058250114,False,Other
Phosphorus,1044,0.6273946360153256,-15.193486590038313,-11.0,0.021668750434182583,False,Other
Mycophenolate Mofetil Suspension,59,0.6271186440677966,-12.830508474576272,-18.0,0.0,False,Other
Sodium Zirconium Cyclosilicate,67,0.6268656716417911,-15.626865671641792,-10.0,0.018908016109729513,False,Other
Potassium Chloride,5828,0.6266300617707619,-16.291866849691147,-11.0,0.02369065683953803,False,Other
Mycophenolate Sodium DR,198,0.6262626262626263,-13.126262626262626,-9.0,0.02988171754986979,False,Other
Ramelteon,4080,0.6262254901960784,-16.357843137254903,-11.0,0.034152145044527925,False,Other
Sucralfate,374,0.6256684491978609,-15.917112299465241,-14.0,0.034592554378120796,False,Other
Insulin (Regular) for Hyperkalemia,390,0.6256410256410256,-18.01794871794872,-13.0,0.014413215078865036,False,Antidiabetic
Chlorothiazide,227,0.6255506607929515,-15.744493392070485,-10.0,0.011520748766248716,False,Other
Acetaminophen w/Codeine,40,0.625,-11.675,-21.5,0.0,False,Other
BusPIRone,216,0.625,-18.675925925925927,-14.0,0.030916590822508205,False,Other
Belladonna & Opium (16.2/30mg),56,0.625,-15.196428571428571,-6.0,0.0,False,Other
Milrinone,48,0.625,-14.333333333333334,-4.0,0.009718734351918102,False,Other
Cosyntropin,88,0.625,-11.443181818181818,-12.5,0.017853353172540665,False,Other
HydrALAZINE,2636,0.6244309559939302,-17.19802731411229,-10.0,0.027505517285436126,False,Other
OxyCODONE--Acetaminophen (5mg-325mg),149,0.6241610738255033,-18.29530201342282,-10.0,0.03878568632838627,False,Other
Lactulose Enema,125,0.624,-11.616,-13.0,0.01600540028885007,False,Other
Chlorhexidine Gluconate 0.12% Oral Rinse,1053,0.6239316239316239,-17.129154795821464,-11.0,0.013149102342986437,False,Other
Desmopressin Acetate,117,0.6239316239316239,-15.239316239316238,-10.0,0.021131371713376472,False,Other
Digoxin,311,0.6237942122186495,-15.344051446945338,-11.0,0.024956604583595676,False,Other
Chloraseptic Throat Spray,332,0.6234939759036144,-15.174698795180722,-9.5,0.026838258673836077,False,Other
rifAXIMin,273,0.6227106227106227,-15.263736263736265,-11.0,0.028646872941193717,False,Other
Terazosin,98,0.6224489795918368,-16.357142857142858,-16.0,0.03713237225181527,False,Other
Phytonadione,720,0.6222222222222222,-16.169444444444444,-9.0,0.017904242001339256,False,Other
Daptomycin,90,0.6222222222222222,-13.966666666666667,-13.0,0.015003538732840256,False,Other
OxyCODONE SR (OxyCONTIN),127,0.6220472440944882,-19.606299212598426,-14.0,0.024113605620668215,False,Other
Diazepam,550,0.6218181818181818,-13.776363636363635,-8.0,0.03340755630094205,False,Other
Propofol,1466,0.621418826739427,-19.045702592087313,-12.0,0.01326867842350851,False,Other
Doxycycline Hyclate,515,0.6213592233009708,-14.720388349514563,-10.0,0.024976899066851254,False,Other
Diclofenac Topical Gel 1%,235,0.6212765957446809,-16.251063829787235,-12.0,0.023377334911908423,False,Other
BuPROPion (Sustained Release),277,0.6209386281588448,-15.050541516245488,-12.0,0.0344697255641222,False,Other
Emtricitabine-Tenofovir alafen (200mg-25mg) *DESCOVY*,87,0.6206896551724138,-15.183908045977011,-10.0,0.02304636026647958,False,Other
Phenazopyridine,142,0.6197183098591549,-14.04225352112676,-7.5,0.05024957973510027,False,Other
Lidocaine 2%,71,0.6197183098591549,-12.549295774647888,-6.0,0.023949214443564414,False,Other
Pantoprazole,4002,0.6196901549225388,-15.668915542228886,-11.0,0.030593685651907065,False,Other
Tamsulosin,2013,0.6194734227521113,-14.781917536015897,-11.0,0.03601029321041881,False,Other
Magnesium Oxide,2396,0.6193656093489148,-15.891903171953256,-10.0,0.025576033856912306,False,Other
Hydrocerin,63,0.6190476190476191,-10.920634920634921,-7.0,0.029496420174837112,False,Other
Methylprednisolone,42,0.6190476190476191,-22.69047619047619,-17.5,0.0,False,Other
NIFEdipine CR,63,0.6190476190476191,-7.111111111111111,-10.0,0.04110851900821382,False,CCB
Letrozole,63,0.6190476190476191,-13.015873015873016,-8.0,0.04099918343126774,False,Other
NORepinephrine,1149,0.618798955613577,-16.784160139251522,-11.0,0.013671683819270093,False,Other
Gabapentin,3131,0.6186521877994251,-15.615458320025551,-10.0,0.0307667189203255,False,Other
CeFAZolin,2333,0.6185169309901415,-15.742391770252894,-10.0,0.03268650017264817,False,Other
Clobetasol Propionate 0.05% Cream,55,0.6181818181818182,-12.854545454545455,-8.0,0.0,False,Other
Fentanyl Citrate,1466,0.6180081855388813,-18.88130968622101,-11.0,0.012948474493858062,False,Other
LACOSamide,123,0.6178861788617886,-12.934959349593496,-8.0,0.02207674082826104,False,Other
Cyanocobalamin,1032,0.6172480620155039,-14.73546511627907,-10.0,0.02898176496008826,False,Other
Amitriptyline,188,0.6170212765957447,-12.97340425531915,-9.0,0.04194484080147484,False,Other
ChlorproMAZINE,47,0.6170212765957447,-12.170212765957446,-6.0,0.02687845506112684,False,Other
Acetaminophen IV,2913,0.6168898043254377,-15.846893237212496,-10.0,0.022286181394537235,False,Other
Ranolazine ER,107,0.616822429906542,-19.682242990654206,-10.0,0.021771587431430817,False,Other
Fish Oil (Omega 3),219,0.6164383561643836,-12.662100456621005,-8.0,0.03718094570054249,True,Other Lipid
Atenolol,607,0.6161449752883031,-11.29818780889621,-8.0,0.0472886320669204,False,Beta-blocker
Ipratropium Bromide MDI,237,0.6160337552742616,-15.767932489451477,-11.0,0.01992585714906454,False,Other
Vitamin B Complex,151,0.6158940397350994,-12.112582781456954,-9.0,0.033571564219892026,False,Other
Vancomycin Oral Liquid,341,0.6158357771260997,-13.897360703812316,-11.0,0.022798175140675427,False,Other
Alteplase,78,0.6153846153846154,-13.243589743589743,-3.5,0.017736999318003654,False,Other
Naltrexone,39,0.6153846153846154,-5.435897435897436,-9.0,0.0,False,Other
Fluticasone Propionate NASAL,1284,0.6152647975077882,-14.4898753894081,-9.0,0.035620846978137985,False,Other
Neutra-Phos,2294,0.6150828247602441,-14.489537925021796,-10.0,0.022802872808310844,False,Other
Famotidine,2412,0.6148424543946932,-15.660862354892206,-10.0,0.0275604139968483,False,Other
Montelukast,540,0.6148148148148148,-15.968518518518518,-11.0,0.03188095036191198,False,Other
PHENYLEPHrine,649,0.6147919876733436,-17.181818181818183,-11.0,0.014877221490623373,False,Other
Tuberculin Protein,109,0.6146788990825688,-14.146788990825687,-7.0,0.020926130147507556,False,Other
Senna,11515,0.6145896656534955,-14.982370820668693,-10.0,0.032114213860117286,False,Other
Ciprofloxacin HCl,825,0.6145454545454545,-12.36,-9.0,0.03207299080103228,False,Other
Omeprazole,4304,0.6145446096654275,-14.39846654275093,-10.0,0.036273746254373594,False,Other
Bisacodyl,5253,0.6145059965733867,-15.188273367599466,-10.0,0.028271037788198353,False,Other
Vitamin D,2817,0.6144834930777423,-13.784877529286476,-9.0,0.033761675455794525,False,Other
OLANZapine (Disintegrating Tablet),464,0.6142241379310345,-12.700431034482758,-9.0,0.019005151321728003,False,Other
Aluminum-Magnesium Hydrox.-Simethicone,855,0.6140350877192983,-14.472514619883041,-9.0,0.03389529286999337,False,Other
Sodium Chloride 3% Inhalation Soln,199,0.6130653266331658,-17.894472361809044,-10.0,0.015998915896158327,False,Other
Heparin,11878,0.6129819834989055,-15.063310321602964,-10.0,0.03159059037070174,False,Anticoagulant
Cetirizine,509,0.6129666011787819,-15.970530451866404,-12.0,0.03621973660351201,False,Other
Mirtazapine,881,0.6129398410896708,-14.111237230419977,-9.0,0.02869816461969523,False,Other
Hydrocortisone (Rectal) 2.5% Cream,93,0.6129032258064516,-15.75268817204301,-8.0,0.026234115473926067,False,Other
Tacrolimus Suspension,31,0.6129032258064516,-8.806451612903226,-7.0,0.0,False,Other
Acetaminophen,15497,0.6128928179647674,-14.770213589727044,-10.0,0.03568375651847641,False,Other
CefePIME,1839,0.6128330614464382,-15.019032082653617,-10.0,0.016568248686804014,False,Other
Magnesium Sulfate,4429,0.612553623842854,-15.736283585459471,-10.0,0.023200499703438064,False,Other
Octreotide Acetate,209,0.6124401913875598,-17.708133971291865,-13.0,0.016380400027868884,False,Other
Haloperidol,805,0.6124223602484472,-13.26583850931677,-8.0,0.02279993385450341,False,Other
Nystatin,49,0.6122448979591837,-25.897959183673468,-16.0,0.0,False,Other
amLODIPine,3659,0.6121891227111232,-14.904072150860891,-10.0,0.03578224686168184,False,CCB
Polyethylene Glycol,6795,0.611626195732156,-15.121854304635761,-10.0,0.028758266184394886,False,Other
Febuxostat,72,0.6111111111111112,-12.430555555555555,-8.5,0.0,False,Other
Aluminum Hydroxide Suspension,36,0.6111111111111112,-7.583333333333333,-10.0,0.0,False,Other
Ranitidine (Liquid),36,0.6111111111111112,-9.166666666666666,-5.0,0.0,False,Other
Cilostazol,72,0.6111111111111112,-24.38888888888889,-8.5,0.04259472891377906,False,Other
Lansoprazole Oral Disintegrating Tab,527,0.6110056925996205,-18.04933586337761,-12.0,0.02055692415507067,False,Other
Sodium Chloride 0.9%  Flush,17796,0.6108676106990335,-14.620926050797932,-9.0,0.03368468007809201,False,Other
Cyclobenzaprine,388,0.6108247422680413,-17.15463917525773,-13.5,0.028077297970468616,False,Other
Sodium Chloride,167,0.6107784431137725,-9.70059880239521,-9.0,0.020340869566652833,False,Other
Albuterol Inhaler,2773,0.6105301117922828,-14.660295708618824,-10.0,0.02914244787678832,False,Other
Venlafaxine,77,0.6103896103896104,-6.857142857142857,-9.0,0.02410896693666776,False,Other
MetroNIDAZOLE,1596,0.6102756892230576,-13.319548872180452,-8.0,0.024987576262598548,False,Other
Sertraline,1115,0.6098654708520179,-14.694170403587444,-10.0,0.034717196845052756,False,Other
Triamcinolone Acetonide 0.1% Cream,128,0.609375,-13.8125,-8.5,0.03105714073514237,False,Other
LamoTRIgine,332,0.608433734939759,-14.081325301204819,-8.0,0.03177865379004051,False,Other
Potassium Chloride (Powder),595,0.6084033613445378,-15.611764705882353,-11.0,0.019377042996508578,False,Other
Oxybutynin,263,0.6083650190114068,-11.14828897338403,-8.0,0.041998609922133216,False,Other
CefTAZidime,398,0.6080402010050251,-14.291457286432161,-8.0,0.014758693493902682,False,Other
GuaiFENesin,867,0.6078431372549019,-14.358708189158016,-9.0,0.025501466013731496,False,Other
Meropenem,385,0.6077922077922078,-10.612987012987013,-8.0,0.01938611742348299,False,Other
Lidocaine 5% Patch,2412,0.607379767827529,-14.299751243781095,-10.5,0.02581445936505732,False,Other
Sulfameth/Trimethoprim Suspension,56,0.6071428571428571,-9.767857142857142,-21.5,0.0,False,Other
Albumin 5% (12.5g / 250mL),346,0.6069364161849711,-17.829479768786126,-9.5,0.013482791948176566,False,Other
Ampicillin-Sulbactam,323,0.6068111455108359,-12.219814241486068,-9.0,0.0295437089064055,False,Other
Multivitamins,2548,0.6067503924646782,-13.43956043956044,-9.0,0.034878747243989795,False,Other
Cefpodoxime Proxetil,353,0.6062322946175638,-13.592067988668555,-11.0,0.03407316492690194,False,Other
Norepinephrine,66,0.6060606060606061,-19.363636363636363,-9.0,0.014822620563209057,False,Other
Tizanidine,132,0.6060606060606061,-14.931818181818182,-10.0,0.030263379538575046,False,Other
Promethazine,170,0.6058823529411764,-13.823529411764707,-11.0,0.024794017378654745,False,Other
Artificial Tears,657,0.6057838660578386,-13.073059360730594,-8.0,0.02788331886122544,False,Other
Lithium Carbonate,71,0.6056338028169014,-12.76056338028169,-7.0,0.027098600061670426,False,Other
Lidocaine Jelly 2% (Urojet),180,0.6055555555555555,-12.727777777777778,-9.0,0.021129296931984096,False,Other
Hydrochlorothiazide,1233,0.6050283860502839,-12.870235198702352,-8.0,0.04503183890970386,False,Diuretic
Levothyroxine Sodium,3116,0.6049422336328626,-13.499679075738126,-9.0,0.03503742439654997,False,Other
Glycerin Supps,43,0.6046511627906976,-10.418604651162791,-12.0,0.026320001855492593,False,Other
Multivitamins W/minerals Chewable,129,0.6046511627906976,-15.372093023255815,-8.0,0.02182653918862343,False,Other
Enalapril Maleate,86,0.6046511627906976,-14.86046511627907,-9.0,0.029928322012225787,False,ACE/ARB
MetRONIDAZOLE (FLagyl),86,0.6046511627906976,-9.023255813953488,-9.5,0.02105340232019839,False,Other
Lactulose,1320,0.6045454545454545,-15.038636363636364,-9.0,0.020945195659305565,False,Other
Ciprofloxacin,311,0.6045016077170418,-10.22508038585209,-8.0,0.03290817810391838,False,Other
Sulfameth/Trimethoprim DS,427,0.6042154566744731,-13.379391100702577,-9.0,0.03247419744729996,False,Other
BuPROPion XL (Once Daily),361,0.6038781163434903,-14.889196675900276,-8.0,0.03294609050805632,False,Other
Docusate Sodium,7430,0.6037685060565275,-13.794347240915208,-8.0,0.03373579572265347,False,Other
Sodium Phosphate,699,0.6037195994277539,-13.131616595135908,-9.0,0.019031567786563963,False,Other
Valsartan,459,0.6034858387799564,-13.640522875816993,-10.0,0.0344076844704178,False,ACE/ARB
Vancomycin,3481,0.6032749209997127,-14.220626256822753,-9.0,0.018364273411393676,False,Other
Sodium Polystyrene Sulfonate,194,0.6030927835051546,-14.690721649484535,-9.0,0.016905780311445802,False,Other
Fluticasone-Salmeterol Diskus (250/50) ,607,0.6029654036243822,-12.477759472817134,-8.0,0.028963805243913687,False,Other
OxyCODONE (Immediate Release),5658,0.6016260162601627,-13.854895722870273,-8.0,0.029556876679675447,False,Other
TraZODone,2151,0.601115760111576,-14.10320781032078,-9.0,0.028766131282903024,False,Other
Sodium Bicarbonate,772,0.6010362694300518,-15.933937823834198,-11.0,0.020465990790071782,False,Other
Bacitracin Ointment,208,0.6009615384615384,-13.83173076923077,-8.5,0.05552564864643873,False,Other
Fleet Enema (Saline),228,0.6008771929824561,-14.56578947368421,-10.0,0.029430818050465685,False,Other
Calcium Carbonate,2162,0.6008325624421832,-13.55504162812211,-9.0,0.031125731932692195,False,Other
Albumin 25% (12.5g / 50mL),308,0.6006493506493507,-11.162337662337663,-10.0,0.01645989010908774,False,Other
Magnesium Sulfate Replacement (Critical Care and Oncology),2497,0.6003203844613536,-14.549058870644775,-8.0,0.017250684297983057,False,Other
Sacubitril-Valsartan (97mg-103mg),40,0.6,-12.625,-11.0,0.0,False,ACE/ARB
Racepinephrine,30,0.6,-15.933333333333334,-9.0,0.0,False,Other
Divalproex (DELayed Release),140,0.6,-10.142857142857142,-7.0,0.024490756722979058,False,Other
Morphine Sulfate,1980,0.5994949494949495,-11.744444444444444,-7.0,0.032689841029415856,False,Other
Albuterol 0.083% Neb Soln,1705,0.5994134897360703,-12.685043988269795,-8.0,0.02457756990092633,False,Other
Fluticasone-Salmeterol Diskus (500/50) ,252,0.5992063492063492,-11.51984126984127,-10.5,0.029502137018958242,False,Other
Simethicone,1362,0.5991189427312775,-14.201908957415565,-8.0,0.031410890382791594,False,Other
HYDROmorphone (Dilaudid),3957,0.5989385898407885,-14.087439979782664,-9.0,0.026252963070936025,False,Other
QUEtiapine Fumarate,992,0.5987903225806451,-13.55141129032258,-8.0,0.02453141384028706,False,Other
Labetalol,942,0.5987261146496815,-14.626326963906582,-9.0,0.026716566113820235,False,Other
Ascorbic Acid,528,0.5984848484848485,-13.657196969696969,-8.5,0.0274879755773421,False,Other
Lorazepam,199,0.5979899497487438,-8.99497487437186,-9.0,0.021050055451210466,False,Other
Escitalopram Oxalate,492,0.5975609756097561,-13.140243902439025,-8.0,0.03756641413740538,False,Other
Milk of Magnesia,800,0.5975,-12.2625,-6.0,0.028698094963171595,False,Other
Ondansetron ODT,514,0.5972762645914397,-13.961089494163424,-8.0,0.02980509487912059,False,Other
Amoxicillin-Clavulanic Acid,437,0.597254004576659,-11.892448512585812,-9.0,0.033886609410636884,False,Other
Valproate Sodium,72,0.5972222222222222,-11.083333333333334,-6.5,0.010517697499105425,False,Other
Benzonatate,854,0.5971896955503513,-13.652224824355972,-10.0,0.027105284526756725,False,Other
LORazepam,3673,0.5967873672747073,-14.6555948815682,-8.0,0.026679406806886144,False,Other
LevETIRAcetam,890,0.596629213483146,-13.626966292134831,-8.0,0.023920813893068462,False,Other
Fluticasone Propionate 110mcg,689,0.5965166908563135,-12.43976777939042,-8.0,0.029456276437876936,False,Other
Ondansetron,6572,0.5961655508216677,-13.43822276323798,-8.0,0.032591432856773975,False,Other
Chlorthalidone,401,0.5960099750623441,-12.980049875311721,-8.0,0.050521403756718354,False,Other
Psyllium Wafer,94,0.5957446808510638,-12.585106382978724,-8.5,0.02793590733781457,False,Other
Clindamycin,225,0.5955555555555555,-11.417777777777777,-9.0,0.028088097050786017,False,Other
PNEUMOcoccal 23-valent polysaccharide vaccine,450,0.5955555555555555,-13.46888888888889,-8.0,0.048611748681746815,False,Other
Captopril,262,0.5954198473282443,-17.16412213740458,-8.0,0.021315732697510848,False,Other
Lidocaine 1% (For PICC/Midline Insertions),1458,0.5953360768175583,-13.654320987654321,-7.0,0.01622860376419646,False,Other
Calcium Gluconate sliding scale (Critical Care-Ionized calcium),1453,0.5953200275292498,-14.804542326221611,-8.0,0.01505867300328572,False,Other
Mannitol,42,0.5952380952380952,-10.714285714285714,-8.5,0.012574151015052428,False,Other
Ipratropium-Albuterol Neb,1635,0.5944954128440367,-13.691131498470948,-8.0,0.021534019057983404,False,Other
"Alteplase 1mg/2mL ( Clearance ie. PICC, midline, tunneled access line, PA )",217,0.5944700460829493,-15.88479262672811,-7.0,0.01670097402836147,False,Other
Pregabalin,493,0.5943204868154158,-12.626774847870182,-9.0,0.028518842222789925,False,Other
Amlodipine,175,0.5942857142857143,-12.297142857142857,-9.0,0.02915672574079398,False,CCB
Heparin Flush (10 units/ml),2525,0.594059405940594,-13.57029702970297,-7.0,0.018939431003713807,False,Anticoagulant
Midazolam,394,0.5939086294416244,-13.720812182741117,-7.0,0.013809031319732849,False,Other
CloNIDine,219,0.593607305936073,-11.538812785388128,-9.0,0.03463995574536372,False,Other
Loratadine,465,0.5935483870967742,-12.896774193548387,-7.0,0.03428018376333256,False,Other
Fentanyl Patch,123,0.5934959349593496,-18.203252032520325,-6.0,0.023202816689653055,False,Other
PrednisoLONE Acetate 1% Ophth. Susp.,145,0.593103448275862,-14.937931034482759,-8.0,0.02960543787299559,False,Other
Potassium Phosphate,693,0.5930735930735931,-13.73015873015873,-8.0,0.022150556522387045,False,Other
GuaiFENesin ER,366,0.592896174863388,-15.469945355191257,-8.0,0.02698295036526887,False,Other
Erythromycin 0.5% Ophth Oint,140,0.5928571428571429,-12.835714285714285,-7.5,0.033300188079010695,False,Other
Potassium Chloride Replacement (Critical Care and Oncology) ,1269,0.5918045705279747,-15.323089046493301,-7.0,0.01722298951327556,False,Other
Acetaminophen-Caff-Butalbital,218,0.591743119266055,-9.541284403669724,-6.0,0.02463261795423503,False,Other
Vasopressin,529,0.5916824196597353,-14.328922495274101,-9.0,0.013751665798706873,False,Other
Carvedilol,355,0.5915492957746479,-12.35492957746479,-8.0,0.02273972313662972,False,Beta-blocker
Sulfameth/Trimethoprim SS,519,0.5915221579961464,-12.822736030828516,-7.0,0.026424217799847775,False,Other
Vitamin D3 (Cholecalciferol),967,0.5915201654601862,-13.496380558428129,-9.0,0.03205906058428809,False,Other
Donepezil,318,0.5911949685534591,-13.084905660377359,-8.0,0.03649830806323073,False,Other
Fluticasone-Salmeterol Diskus (100/50),203,0.5911330049261084,-13.251231527093596,-11.0,0.033805364846355386,False,Other
Propranolol,176,0.5909090909090909,-9.988636363636363,-8.0,0.04043962244458239,False,Beta-blocker
HYDROcodone-Acetaminophen (5mg-325mg),88,0.5909090909090909,-11.022727272727273,-9.5,0.03602222392025093,False,Other
Anti-Thymocyte Globulin (Rabbit),44,0.5909090909090909,-11.954545454545455,-6.5,0.0,False,Other
Potassium Chloride Replacement (Critical Care and Oncology),1399,0.590421729807005,-13.496068620443173,-7.0,0.015007956580715512,False,Other
Sodium Chloride Nasal,529,0.5897920604914934,-12.328922495274101,-9.0,0.02354213915651246,False,Other
Magnesium Citrate,246,0.5894308943089431,-10.052845528455284,-5.5,0.026680728886276484,False,Other
Influenza Vaccine Quadrivalent,4318,0.5893932376100046,-13.395321908290875,-8.0,0.042621676737014814,False,Other
Hydroxyurea,73,0.589041095890411,-14.575342465753424,-9.0,0.03620087523900327,False,Other
Empagliflozin,107,0.5887850467289719,-19.49532710280374,-12.0,0.033891068843121715,False,Other
Aquaphor Ointment,85,0.5882352941176471,-14.141176470588235,-16.0,0.025212947372347118,False,Other
Sarna Lotion,630,0.5873015873015873,-16.023809523809526,-10.5,0.026409670225895788,False,Other
Guaifenesin-CODEINE Phosphate,92,0.5869565217391305,-13.076086956521738,-8.0,0.021966996602714062,False,Other
Remdesivir,191,0.5863874345549738,-13.952879581151832,-7.0,0.03741671201229716,False,Other
DULoxetine,186,0.5860215053763441,-11.21505376344086,-6.0,0.03280779506820135,False,Other
Potassium Citrate,285,0.5859649122807018,-12.501754385964912,-7.0,0.02315544816539497,False,Other
CefTRIAXone,3262,0.5855303494788473,-11.930410790925812,-7.0,0.027392632091963416,False,Other
Lidocaine Viscous 2%,200,0.585,-13.82,-9.5,0.020186772749114495,False,Other
Venlafaxine XR,359,0.584958217270195,-11.944289693593316,-8.0,0.03402660273795211,False,Other
Caphosol,53,0.5849056603773585,-9.283018867924529,-12.0,0.0,False,Other
NIFEdipine (Extended Release),248,0.5846774193548387,-11.903225806451612,-7.0,0.03707037793527193,False,CCB
LevoFLOXacin,231,0.5844155844155844,-11.887445887445887,-8.0,0.024242390474339702,False,Other
Enoxaparin (Prophylaxis),1592,0.5841708542713567,-13.234296482412061,-8.0,0.03890945817347459,False,Anticoagulant
Thiamine,1399,0.583988563259471,-12.558255897069335,-8.0,0.02401683639391517,False,Other
Multivitamins W/minerals,1394,0.5839311334289814,-14.274748923959828,-8.0,0.02469196863964481,False,Other
Ipratropium Bromide Neb,382,0.5837696335078534,-10.287958115183246,-7.0,0.023424793300884112,False,Other
Transplant Self Medication Program,48,0.5833333333333334,-12.1875,-6.5,0.0,False,Other
Dapsone,60,0.5833333333333334,0.0,-5.0,0.0,False,Other
RisperiDONE,204,0.5833333333333334,-11.784313725490197,-7.0,0.04059848298747388,False,Other
Morphine SR (MS Contin),139,0.5827338129496403,-11.028776978417266,-6.0,0.028942565764150312,False,Other
PredniSONE,1792,0.5825892857142857,-12.14453125,-8.0,0.025169996552184253,False,Other
Azithromycin,1292,0.5820433436532507,-11.91795665634675,-8.0,0.023692286119879228,False,Other
OSELTAMivir,110,0.5818181818181818,-11.60909090909091,-7.0,0.03247227361425757,False,Other
OLANZapine,511,0.5812133072407045,-11.076320939334638,-7.0,0.025647737515152345,False,Other
Nicotine Patch,561,0.5811051693404634,-12.828877005347593,-7.0,0.03633315996784303,False,Other
CefazoLIN,131,0.5801526717557252,-14.778625954198473,-7.0,0.02872182146113898,False,Other
Dexamethasone,750,0.58,-12.282666666666668,-7.0,0.024549450731945633,False,Other
Oxymetazoline,169,0.5798816568047337,-9.04733727810651,-5.0,0.023198789487091396,False,Other
Ketorolac,1406,0.5796586059743954,-12.458036984352773,-6.0,0.03399716653172473,False,Other
FLUoxetine,575,0.5791304347826087,-11.977391304347826,-6.0,0.03306911812761604,False,Other
Artificial Tear Ointment,171,0.5789473684210527,-18.16374269005848,-6.0,0.0138706856717666,False,Other
Oxycodone-Acetaminophen (5mg-325mg),38,0.5789473684210527,-16.31578947368421,-11.0,0.03746727230027318,False,Other
PHENObarbital,38,0.5789473684210527,-15.710526315789474,-5.0,0.0,False,Other
Dexmedetomidine,553,0.5786618444846293,-16.38155515370705,-7.0,0.011826112087314518,False,Other
Prazosin,83,0.5783132530120482,-9.759036144578314,-6.0,0.03927663758397102,False,Other
Micafungin,83,0.5783132530120482,-14.819277108433734,-10.0,0.01122883427888155,False,Other
Entecavir,109,0.5779816513761468,-10.284403669724771,-8.0,0.027033749435629164,False,Other
Divalproex (EXTended Release),90,0.5777777777777777,-15.155555555555555,-10.5,0.028626952227205037,False,Other
OXcarbazepine,97,0.5773195876288659,-15.29896907216495,-12.0,0.03526189395536979,False,Other
Sacubitril-Valsartan (49mg-51mg),85,0.5764705882352941,-20.2,-14.0,0.02979765586288912,False,ACE/ARB
Clotrimazole,33,0.5757575757575758,-15.121212121212121,-10.0,0.0,False,Other
Piperacillin-Tazobactam,848,0.5754716981132075,-11.714622641509434,-6.0,0.01928565865675882,False,Other
Miconazole 2% Cream,47,0.574468085106383,-11.787234042553191,-11.0,0.0,False,Other
Filgrastim-sndz,101,0.5742574257425742,-16.396039603960396,-9.0,0.02636573649942875,False,Other
Alendronate Sodium,82,0.573170731707317,-17.25609756097561,-12.5,0.03828418398132691,False,Other
Flecainide Acetate,96,0.5729166666666666,-10.916666666666666,-7.0,0.03724036831408739,False,Other
Fenofibrate,192,0.5729166666666666,-9.692708333333334,-7.0,0.028856196013900142,True,Other Lipid
Tranexamic Acid,42,0.5714285714285714,-16.904761904761905,-3.0,0.0,False,Other
Glycopyrrolate (CVICU Reversal Protocol),42,0.5714285714285714,-22.166666666666668,-15.5,0.01294977180659771,False,Other
Betamethasone Dipro 0.05% Oint,35,0.5714285714285714,-20.285714285714285,-6.0,0.0,False,Other
Verapamil SR,163,0.5705521472392638,-12.085889570552148,-8.0,0.04176057660952211,False,CCB
Dolutegravir,135,0.5703703703703704,-11.281481481481482,-7.0,0.026851909445418466,False,Other
Nadolol,128,0.5703125,-14.6484375,-7.0,0.03562814179299907,False,Other
2,114,0.5701754385964912,-22.57017543859649,-9.0,0.024593780472598695,False,Other
Zolpidem Tartrate,314,0.5700636942675159,-10.751592356687897,-6.0,0.03974020274472423,False,Other
Sumatriptan Succinate,72,0.5694444444444444,1.3888888888888888,-3.0,0.019535883236676453,False,Other
PhenAZOPYRIDine,65,0.5692307692307692,-8.476923076923077,-8.0,0.0487095474337156,False,Other
Propranolol LA,65,0.5692307692307692,-7.707692307692308,-6.0,0.03695908188819885,False,Beta-blocker
Scopolamine Patch,492,0.5691056910569106,-10.121951219512194,-4.0,0.033818179837514444,False,Other
HydrOXYzine,471,0.5690021231422505,-11.681528662420382,-7.0,0.03180408568798818,False,Other
1,58,0.5689655172413793,-17.379310344827587,-9.0,0.0,False,Other
Memantine,167,0.5688622754491018,-11.706586826347305,-10.0,0.035612810137016435,False,Other
Anastrozole,102,0.5686274509803921,-9.22549019607843,-5.5,0.03755221465094523,False,Other
Artificial Tears Preserv. Free,197,0.5685279187817259,-14.634517766497462,-6.0,0.026147113647311926,False,Other
"Alteplase 1mg/2mL ( Clearance ie. PICC, tunneled access line, PA )",44,0.5681818181818182,-14.090909090909092,-5.0,0.015040983615273779,False,Other
Neostigmine (CVICU Reversal Protocol),44,0.5681818181818182,-22.136363636363637,-15.5,0.012630152770064094,False,Other
ALPRAZolam,273,0.5677655677655677,-12.175824175824175,-7.0,0.02466746994836645,False,Other
LamiVUDine,67,0.5671641791044776,-6.955223880597015,-7.0,0.02677182068250009,False,Other
OxycoDONE Liquid,164,0.5670731707317073,-5.567073170731708,-5.0,0.03980363651903139,False,Other
Heparin Flush (100 units/ml),612,0.5669934640522876,-9.720588235294118,-5.0,0.028772467984726616,False,Anticoagulant
Ampicillin,157,0.5668789808917197,-11.48407643312102,-5.0,0.022353887957121645,False,Other
FoLIC Acid,1556,0.5668380462724936,-12.187017994858612,-7.0,0.02851142364830434,False,Other
Hydrocortisone,60,0.5666666666666667,-9.95,-5.5,0.02528829052037484,False,Other
Niacinamide,53,0.5660377358490566,-12.622641509433961,-7.0,0.015682144179230646,False,Other
TraMADOL (Ultram),106,0.5660377358490566,-5.5754716981132075,-3.5,0.02931910277240806,False,Other
Alteplase 1mg/5mL ( Clearance ie. Indwelling port ),76,0.5657894736842105,-8.026315789473685,-5.0,0.014734968543052673,False,Other
Bictegrav-Emtricit-Tenofov Ala,85,0.5647058823529412,-12.411764705882353,-8.0,0.03617895441129804,False,Other
Lidocaine Jelly 2%,62,0.5645161290322581,-11.806451612903226,-11.0,0.0,False,Other
Pfizer-BioNTech mRNA COVID-19 Vaccine,39,0.5641025641025641,-10.743589743589743,-6.0,0.0,False,Other
Levofloxacin,316,0.5632911392405063,-10.215189873417721,-6.0,0.02992705201966242,False,Other
Vitamin A,32,0.5625,-15.625,-7.0,0.0,False,Other
Clobazam,32,0.5625,-9.5625,-10.0,0.0,False,Other
ClonazePAM,660,0.5621212121212121,-11.018181818181818,-6.0,0.03301989117589516,False,Other
Benztropine Mesylate,105,0.5619047619047619,-9.885714285714286,-4.0,0.030932506179493485,False,Other
Acyclovir,648,0.5617283950617284,-10.493827160493828,-6.0,0.027003179596326615,False,Other
Nitrofurantoin Monohyd (MacroBID),162,0.5617283950617284,-9.685185185185185,-5.0,0.035030376062624984,False,Other
Tacrolimus,741,0.5614035087719298,-10.761133603238866,-6.0,0.023195485565431263,False,Other
Codeine Sulfate,41,0.5609756097560976,-6.048780487804878,-5.0,0.02203835640102625,False,Other
Readi-Cat 2 (Barium Sulfate 2% Suspension),312,0.5608974358974359,-8.16025641025641,-4.5,0.021774872339197567,False,Other
Ursodiol,305,0.5606557377049181,-10.914754098360655,-9.0,0.030438916378275113,False,Other
Morphine Infusion – Comfort Care Guidelines,84,0.5595238095238095,-6.535714285714286,-4.5,0.027725606551393868,False,Other
Lidocaine-Prilocaine,34,0.5588235294117647,-9.147058823529411,-1.5,0.01986402434607347,False,Other
Carbamide Peroxide 6.5%,34,0.5588235294117647,-41.26470588235294,-9.5,0.0,False,Other
Prochlorperazine,902,0.5587583148558758,-10.932372505543237,-5.0,0.029804088954221118,False,Other
DiphenhydrAMINE,1090,0.5587155963302752,-12.91651376146789,-7.0,0.028891639316476616,False,Other
Methadone,160,0.55625,-6.4,-4.0,0.02397205868284359,False,Other
Rocuronium,90,0.5555555555555556,-16.022222222222222,-5.5,0.011287344688618625,False,Other
Isosorbide Mononitrate,63,0.5555555555555556,-6.238095238095238,-3.0,0.02362569635733962,False,Other
OxyCODONE Liquid,128,0.5546875,-15.296875,-5.0,0.03001969533839396,False,Other
ValGANCIclovir,204,0.553921568627451,-9.426470588235293,-3.0,0.02481798149113144,False,Other
MethylPREDNISolone Sodium Succ,585,0.5538461538461539,-11.258119658119659,-6.0,0.02021613846361441,False,Other
Hydrocortisone Na Succ.,317,0.5520504731861199,-9.832807570977918,-6.0,0.014318390120553155,False,Other
Enoxaparin Sodium,901,0.5516093229744728,-8.291897891231965,-4.0,0.036144767829961184,False,Anticoagulant
Raltegravir,49,0.5510204081632653,-12.244897959183673,-3.0,0.027446953794704035,False,Other
Potassium Phosphate Replacement (Oncology),118,0.5508474576271186,-8.90677966101695,-4.5,0.017924000095162127,False,Other
Lidocaine 5% Ointment,178,0.550561797752809,-9.157303370786517,-7.0,0.026483684056438507,False,Other
Naproxen,91,0.5494505494505495,-13.032967032967033,-3.0,0.03341659913874335,False,Other
Enoxaparin (Treatment),297,0.5488215488215489,-10.131313131313131,-3.0,0.030421440237028113,False,Anticoagulant
OxycoDONE (Immediate Release) ,432,0.5486111111111112,-9.402777777777779,-4.0,0.03183405903377095,False,Other
Voriconazole,31,0.5483870967741935,-7.709677419354839,-8.0,0.0,False,Other
Acetaminophen (Liquid),401,0.5461346633416458,-8.802992518703242,-4.0,0.03345869128991451,False,Other
Mycophenolate Mofetil,462,0.5454545454545454,-9.33982683982684,-4.0,0.02295002873454775,False,Other
Dapagliflozin,33,0.5454545454545454,-12.121212121212121,-2.0,0.0,False,Other
Nystatin Oral Suspension,314,0.5445859872611465,-13.433121019108281,-5.0,0.01915353146504681,False,Other
Amphetamine-Dextroamphetamine,46,0.5434782608695652,-9.5,-1.0,0.03805784938029117,False,Other
Atovaquone Suspension,278,0.5431654676258992,-9.93884892086331,-3.0,0.02355008853761398,False,Other
Baclofen,267,0.5430711610486891,-9.438202247191011,-3.0,0.02896846503717825,False,Other
Tenofovir Disoproxil (Viread),59,0.5423728813559322,-4.813559322033898,-3.0,0.035328929603565484,False,Other
Cisatracurium Besylate,133,0.5413533834586466,-14.157894736842104,-4.0,0.01050937631063991,False,Other
Dronabinol,85,0.5411764705882353,-7.647058823529412,-4.0,0.020503355409292615,False,Other
Methocarbamol,74,0.5405405405405406,-8.567567567567568,-4.0,0.03021449167281389,False,Other
Amoxicillin,74,0.5405405405405406,-10.95945945945946,-8.0,0.0,False,Other
EPINEPHrine (EpiPEN),87,0.5402298850574713,-7.022988505747127,-4.0,0.02016341347586025,False,Other
BuPROPion,115,0.5391304347826087,-12.904347826086957,-4.0,0.02818871841632894,False,Other
AzaTHIOprine,115,0.5391304347826087,-7.626086956521739,-4.0,0.029248797142043197,False,Other
Zonisamide,65,0.5384615384615384,-10.169230769230769,-5.0,0.030611169391444752,False,Other
Sulfamethoxazole-Trimethoprim,39,0.5384615384615384,-8.64102564102564,-2.0,0.0,False,Other
PARoxetine,184,0.5380434782608695,-9.76086956521739,-2.0,0.041458618274191394,False,Other
Fluconazole,311,0.5337620578778135,-10.704180064308682,-4.0,0.01959006062380093,False,Other
"Alteplase 1mg/2mL ( Clearance ie. PICC, tunneled access line )",45,0.5333333333333333,-4.777777777777778,-6.0,0.013074129680171609,False,Other
Ibuprofen,913,0.5312157721796276,-8.740416210295729,-3.0,0.04322176456691757,False,Other
Hydrocortisone Cream 1%,51,0.5294117647058824,-5.8431372549019605,-3.0,0.0,False,Other
Sotalol,68,0.5294117647058824,-14.411764705882353,-3.0,0.03615239490237501,False,Other
Docusate Sodium (Liquid),176,0.5284090909090909,-9.125,-2.0,0.022880932346226707,False,Other
Maalox/Diphenhydramine/Lidocaine,195,0.5282051282051282,-10.37948717948718,-3.0,0.0232875603798996,False,Other
Fludrocortisone Acetate,142,0.528169014084507,-6.133802816901408,-3.5,0.024806721672189957,False,Other
Tobramycin,36,0.5277777777777778,-17.333333333333332,-13.0,0.014146612110463056,False,Other
Guaifenesin-Dextromethorphan,135,0.5259259259259259,-4.051851851851852,-1.0,0.023675204387732914,False,Other
Heparin (via Anti-Xa Monitoring),63,0.5238095238095238,-24.952380952380953,-3.0,0.01921603037044406,False,Anticoagulant
OxyCODONE SR (OxyconTIN),123,0.5203252032520326,-7.495934959349594,-4.0,0.02039111043828038,False,Other
Budesonide,104,0.5192307692307693,-6.163461538461538,-4.0,0.029332795413210988,False,Other
Tocilizumab,35,0.5142857142857142,-7.314285714285714,-1.0,0.0,False,Other
Morphine Sulfate IR,119,0.5126050420168067,-7.109243697478991,-1.0,0.023170743489990365,False,Other
Divalproex Sod. Sprinkles,43,0.5116279069767442,-9.255813953488373,-1.0,0.013070304443438848,False,Other
Clozapine,47,0.5106382978723404,-5.851063829787234,-1.0,0.015757963455353793,False,Other
Esmolol,63,0.5079365079365079,-12.523809523809524,-1.0,0.01671911882502692,False,Other
Darunavir,65,0.5076923076923077,-10.584615384615384,-2.0,0.02860721331089735,False,Other
Ketoconazole 2% ,67,0.5074626865671642,-12.044776119402986,-4.0,0.03566834220493382,False,Other
Naloxone,177,0.5028248587570622,-16.056497175141242,-1.0,0.026614738963544368,False,Other
Fosfomycin Tromethamine,30,0.5,-0.03333333333333333,-1.0,0.0,False,Other
Pyridoxine,80,0.5,-10.1375,-0.5,0.03520857628721457,False,Other
CycloSPORINE (Neoral) MODIFIED,94,0.5,1.5212765957446808,-0.5,0.030296319267816015,False,Other
Methylnaltrexone,102,0.5,-11.72549019607843,-1.0,0.021282415398780036,False,Other
Verapamil,62,0.5,-7.403225806451613,-0.5,0.0,False,CCB
PALIperidone ER,36,0.5,1.5,2.5,0.0338954571634531,False,Other
Emtricitabine-Tenofovir (Truvada),66,0.5,-6.257575757575758,-0.5,0.033306246933837734,False,Other
Ciprofloxacin 0.3% Ophth Soln,43,0.4883720930232558,-8.116279069767442,0.0,0.0,False,Other
Abacavir Sulfate,33,0.48484848484848486,-17.666666666666668,0.0,0.0,False,Other
Gentamicin,64,0.484375,-11.609375,0.0,0.033598697646275946,False,Other
RiTONAvir,31,0.4838709677419355,-8.387096774193548,0.0,0.0,False,Other
Posaconazole Delayed Release Tablet,50,0.48,-5.88,0.0,0.015775621868669987,False,Other
Esomeprazole sodium,34,0.47058823529411764,-4.647058823529412,0.5,0.03670647898688913,False,Other
Epoprostenol (Veletri),92,0.4673913043478261,-13.097826086956522,0.0,0.013207363653118196,False,Other
PHENObarbital - ICU Alcohol Withdrawal (Initial Load / Rescue Dose),41,0.4634146341463415,-7.658536585365853,0.0,0.0130053834291175,False,Other
Temazepam,46,0.45652173913043476,-6.260869565217392,0.5,0.0,False,Other
Buprenorphine-Naloxone Film (8mg-2mg),33,0.45454545454545453,1.1515151515151516,0.0,0.0,False,Other
Ertapenem Sodium,63,0.4444444444444444,-3.111111111111111,0.0,0.0,False,Other
Ketamine,85,0.43529411764705883,-3.458823529411765,0.0,0.014491257312543252,False,Other
LaMIVudine,44,0.4318181818181818,-8.0,0.0,0.019656938811143238,False,Other
Doxepin HCl,50,0.42,0.82,2.5,0.021120119281113146,False,Other
Immune Globulin Intravenous (Human),85,0.4117647058823529,-5.364705882352941,2.0,0.014639785335887046,False,Other
